rec0FA5p5W4yPHkfr	CUST-0012	ae71cc79-a1d6-89b5-8c91-723170e975d5	Sophie Bailey
rec0SabbIwHJQZtnP	CUST-0026	d4a026c1-d0e1-8472-b76c-a3fbce2e3d0d	Charlotte Lawson
rec0b1HX38mT2X0Cz	CUST-0030	53841146-7065-8882-bb00-dc2679214477	Emily Ward
rec3PH5J0sTLRq6G2	CUST-0020	a2371035-a8f8-8d7f-aa35-29e8846b6fe6	Zoe Dawson
rec5jVNtzju09MsXl	CUST-0009	0ad0e0fc-626c-8aad-a615-94fc529f40cf	Liam Cooper
rec6TZHtsgTgwrfMX	CUST-0005	3f1b9c8f-d1c2-8a1c-ae6e-f3313b76081c	Jack Walker
rec98ar510Olc12tu	CUST-0040	48132e51-285f-8bc0-886d-443730f3eb34	Chloe Bennett 
rec9GfJMyEIeEnwK6	CUST-0007	75937a77-cfbb-8879-91ae-b5a638f98a1f	Henry Hughes
recCvl96n00wiaVtO	CUST-0034	b2dfe80d-3712-8d56-8c68-b1eb984e06d1	Lily Gray
recHhiu8dh2jqqyIW	CUST-0016	0fa18021-a179-8c45-a6d9-936182481621	Isla Collins
recHqfYQi3j4UsX5j	CUST-0036	8c0e415e-4b39-8368-9d9d-89394c37e890	Harper Russell
recKIQ11OtNc2kmj0	CUST-0011	5cb32900-d58f-8aef-912c-cd5cf28a8131	Ethan Morgan
recKRPY89Zj20Ttgb	CUST-0018	0fab982a-7220-88f5-aef2-57ab8c4e2724	Matilda Walsh
recOZALCOQXEUb6sG	CUST-0022	3bfa1842-8c90-8fcb-aa2f-463316ba85f6	Amelia Brooks
recPR7hZCsOyR1Kxx	CUST-0035	9a0d4aaa-b0e0-8d0d-a60c-ba96278a1a25	George Cook
recPZpvEQj41S3Msl	CUST-0032	2a1c7e88-54f0-8b2d-a654-6a5f8478ec02	Hannah Price
recQzNpIhUIueSnDp	CUST-0019	dde71bc5-026c-8754-8cd2-0308ab3953f3	Thomas Bryant
recRX808xg7BGZ1q9	CUST-0017	090c7037-424e-856e-888b-fbdff3d1f7b9	William Turner
recRvnjbh0l6gdpPE	CUST-0028	1789b2a8-10a3-8ddb-80c1-495f13940388	Lucy Evans
recWRC85r1pn0qTXq	CUST-0023	a2c3bfc3-8ea8-80e3-88ab-5343fbb5b700	Leo Hayes
recWcX9IMCIlq49Lu	CUST-0039	50ccf8b5-e553-8562-aaaa-77ab333f1479	Alexander Fisher
recYLl2cZ7GaRsG88	CUST-0033	b7a66c18-d239-85bb-8833-5d12090d02fe	Samuel Bell
recbp4TNUISlM8jlQ	CUST-0006	4166d2b6-0518-85d9-8cd6-7f146b264972	Ava Parker
reccXzgBloR4qYjkt	CUST-0015	b9e66a1e-dc61-8db7-88a7-18b80e8450e2	Charlie Stewart
reccjlxof6EiuUkWn	CUST-0025	a6581729-4b2b-8d1f-995b-cfb3c1991b46	Oscar Wright
receyA8COlxnWVFHg	CUST-0013	630bdfab-1a69-8e77-919f-74bb751906ea	Lucas Foster
recgJLP2C1agee8Ky	CUST-0029	981bb9b3-46b0-8644-80c3-d4dda66cfc1a	Archie Scott
rech6JHnt1mo0TfMG	CUST-0004	c66efdfd-f9b0-8780-80fc-b87b39de76fe	Ella Thompson
reci5OcZRF3aISSOE	CUST-0027	a1a2c1ec-78af-8c63-9df1-20282f51858c	Harrison Carter
reci6DO3ni6fvb2DM	CUST-0001	dc9aaafc-87ea-86d9-8897-66855ca5daad	Oliver Grant
recjMM5h3C8VS7YBR	CUST-0024	3bd937e9-8613-8d23-b70a-4b8cf7db6e66	Evie Kelly
recjMnUPZoFBxf32q	CUST-0008	1b8581c2-5092-881a-b37e-43a31adf6505	Chloe Bennett
recnr5Oj7BY7u3mHP	CUST-0014	65687a92-7f94-8659-8818-94cf1c1b9743	Ruby Murray
recsE3UC0Q1AH3EVt	CUST-0002	cac11992-0eda-8c60-aa3b-b6530ecae6af	Mia Campbell
rectvi7MJSSmNjfaH	CUST-0037	678d3678-0fad-858d-bfe8-70ae4af45215	Finn Butler
recvapKjufg7JX9QN	CUST-0003	6e9cfaf3-8365-880b-9903-976683215786	Noah Richards
recwC81w9UBSbMrHR	CUST-0031	c185a8a5-a876-88ec-8c00-75e5363604f8	Max Morris
recwz6fbTqX9NYgj0	CUST-0038	a97ecbe8-e996-8dcc-bf75-9b94a307a677	Sienna Webb
reczA91kHoIJi9khY	CUST-0010	00d2a7a2-dfa5-8992-a64e-a18c71f019cc	Grace Reed
reczGvdRX89zEY8HY	CUST-0021	dcf7dbd3-dd6d-8331-84fb-1b2833682caa	James Miller
