rec0Tvr18GRnemgLw	PROP-0037	3826b967-8530-8dab-aa7b-cfe82eeb0da4	CUST-0037
rec1YfBlHXapDadfW	PROP-0050	625b6604-8e3e-895b-88f7-520c6ae9fcbd	CUST-0010
rec2u9Uo36fRpddoT	PROP-0007	dc1dc277-6b3c-8859-b7ce-2e8aa1e33478	CUST-0007
rec6DVWl5Q0IPxNmP	PROP-0019	961ae1bc-4d06-886c-bf1d-8caf4274d1c5	CUST-0019
rec73fvXULsTHndlr	PROP-0041	f6a070b4-2c60-8cf6-952f-0c284a585129	CUST-0001
rec9UcPDaUu85v8S5	PROP-0039	69815e69-4097-81c5-bf0a-74e1ab4f3d84	CUST-0039
rec9kC343mPcmHLmG	PROP-0011	257502f0-802f-85a1-a652-6353a7c530d5	CUST-0011
recAM9a7Vt5jHU3Kl	PROP-0015	100e4d99-d95c-84ab-8091-affb91d55988	CUST-0015
recAW7BoJs0UNpGCC	PROP-0017	a772cc6c-6ea6-88bf-bba1-23b15a50b6ad	CUST-0017
recCq5Eh78gizK40X	PROP-0047	6ade8dbf-d96b-848e-9dfd-4eb6e4d715b6	CUST-0007
recD95Ag3368NgBfX	PROP-0035	9569a1f7-0900-8df3-a6c5-e1e9f9e17831	CUST-0035
recEIpUuU1R2SBaiW	PROP-0028	027b85ca-f771-8f88-9d33-8ab6046eb774	CUST-0028
recGvDRr0Y0ibKT5w	PROP-0021	3e957b04-7a49-8a3c-8498-1f7a9a5f6dd7	CUST-0021
recH5QKoT5AUtlUda	PROP-0009	6493f274-68c0-8381-aa15-c036cb17cb8f	CUST-0009
recJF0A1pDXV3rqg5	PROP-0052	febc174b-69db-8831-bb78-45d6ac1b701b	CUST-0012
recJNax4STyFsL55M	PROP-0049	dc1aa17a-1b42-83c1-9114-25fd46a9192f	CUST-0009
recJVf7WU59gsiQxM	PROP-0001	dd9568c2-789e-8223-9d30-8bf9ec814ad1	CUST-0001
recJs8acByljIk3SV	PROP-0030	15c0193b-640e-8b64-8452-23dc4d05f76c	CUST-0030
recKJWe1BhZfe90HM	PROP-0020	238c0ca4-b5a3-85c0-84d0-71008d5bdc39	CUST-0020
recMqpBqskW0EmYe1	PROP-0016	401b5dcc-f8b1-88f8-b37f-db8ad812dd75	CUST-0016
recOhHGsMCIqAQzTx	PROP-0031	1d1e6ae9-ae09-8863-808f-7caffcdcfd65	CUST-0031
recR0JHekcUlKG7e2	PROP-0008	c890ec78-75da-8e5c-bf37-f3403891965d	CUST-0008
recS3ZPb3hhgXmqWS	PROP-0027	15335b93-b0c1-8e78-b737-8fcedd243f74	CUST-0027
recT96DY0jCmOdfCj	PROP-0012	d167f6b8-1090-8b11-9d25-65e82d84e7e7	CUST-0012
recVCre4KiQLShk9Y	PROP-0025	93ae1771-3459-8594-aeae-a4baab76388e	CUST-0025
recZVTfXETjsHIEYq	PROP-0034	91c5963d-0e2d-8df3-9916-760e2d3b87ce	CUST-0034
recac38ci4RIpxCqV	PROP-0038	32aa7f47-05d6-84a5-914e-a7fd0fbb3f03	CUST-0038
recb4TxcFrZORUenl	PROP-0042	06a0cb5c-eacf-800d-8c7b-456881a82de4	CUST-0002
reccgaVkuxukIVQ8a	PROP-0040	0893f95a-e959-8cf0-a29e-436c680d0ed8	CUST-0040
recdjnmKA2mauboVJ	PROP-0006	feb2ddcf-eacb-8a6d-bfd9-97076c712070	CUST-0006
rece5rOqnGZ19tq3Y	PROP-0013	ed3c0b64-8758-833f-aabb-0508adc2ed1d	CUST-0013
recg4g8AmfWPBNStM	PROP-0036	e17b69ec-3506-87a4-8c5b-a3743e17857e	CUST-0036
rechOVW1TkkobMj5F	PROP-0043	983ef49d-3960-8275-b707-15fd2c999caa	CUST-0003
recjTAZeAeS8HWF4P	PROP-0018	329710fb-aaaf-8054-95ec-3898360e92e2	CUST-0018
recjeE7Dx4peFjxjp	PROP-0026	0a28b29d-dc26-88d4-8c42-5459ebc4e78d	CUST-0026
reckCqQivSd8Wyqit	PROP-0032	9f4e4c64-9c40-8ae5-a2b2-00c7dae273ff	CUST-0032
reckZ0WCHcYvLWXzQ	PROP-0003	f88996d8-cfb3-8baa-a290-c13dc5b943cf	CUST-0003
reclewoqTc8gzHuqp	PROP-0014	590798e2-41a3-8483-a239-a26b97991764	CUST-0014
recnQvr21OlNEJvvL	PROP-0048	9ec8db38-7997-8373-8401-5954e1ebc59a	CUST-0008
recntbhYcpCe8Lghv	PROP-0004	a488f451-62c9-8117-8c20-b0fcbe8f6e68	CUST-0004
recoAi5tcHUFb7aA0	PROP-0045	76b98991-a6bd-87f2-9169-35d5f1657e18	CUST-0005
recoP2WMGVn37iHh2	PROP-0024	600bb926-20ff-8836-b798-b4f603e4dfa9	CUST-0024
recqiG2jyVry19mkp	PROP-0022	afdb9808-8890-8ef8-95b5-3e989c4a4bdc	CUST-0022
recqsJDywmMkgVjYb	PROP-0033	94009339-c9ef-8ee0-b3ad-3dff86d188d5	CUST-0033
recrbjF4LsKNUbMNz	PROP-0023	1440fd26-6ea1-8bfb-91d9-8605069073b9	CUST-0023
recsetNijDbbXRXOY	PROP-0005	f786f041-3642-8a62-bfec-31333010fa72	CUST-0005
recth2zCT9T1ymEIZ	PROP-0002	f61f1c4f-7caa-8d4f-8812-c28419b05109	CUST-0002
recuYEgu7jtm99yqK	PROP-0046	36137557-76fc-808f-aafc-69ed410a9e94	CUST-0006
recvi1qfQjpUNupww	PROP-0029	4e3ebd50-e6b5-82a9-aec1-44a831a130a4	CUST-0029
recvsjxtbOU1Ee6LC	PROP-0044	ab1c631d-9445-81c7-b75e-1a6fec951ba4	CUST-0004
recvzc431stL6RiJ9	PROP-0010	aca686f8-18a9-8625-849c-a9c9a5e20cff	CUST-0010
recy1V8wx2EgS9HNo	PROP-0051	6341c3ff-775b-8d50-aae3-b1e4d1c620bc	CUST-0011
