rec0d1yGCDe1tUXGZ	PO-2026-0011	10b10baf-91c6-8bed-9dfc-d8874e43c383	12233.28	PRJ-2026-0011	SUP-005
rec0gJIGdu5v9pfJV	PO-2026-0030	968bf870-1630-89ec-bbdb-ed755a97f913	16099.04	PRJ-2026-0030	SUP-006
rec2YhzUzFDDrFKuZ	PO-2026-0019	48575550-73a1-8320-8812-c5fcc4b8d842	12966.32	PRJ-2026-0019	SUP-001
recBO9eGPwwnjGCqV	PO-2026-0014	21221172-842f-8fdb-8832-ae938ed15702	6674.96	PRJ-2026-0014	SUP-002
recEUxcgVi6sFi8p1	PO-2026-0004	bbd081e9-77dd-8155-a251-e8c8256578a5	14402.37	PRJ-2026-0004	SUP-004
recHcTAdkBcNNRqF6	PO-2026-0010	82de077b-3c03-8be4-847d-bc340060a36d	11121.57	PRJ-2026-0010	SUP-004
recL2oraU0EUkcHm1	PO-2026-0033	5a150409-4ef1-84ab-bb95-e42607c84261	8269.05	PRJ-2026-0003	SUP-003
recLWh8U3bFN68Gd5	PO-2026-0032	530846fe-0598-8f91-aa6d-d276b118c3b8	7690.4	PRJ-2026-0002	SUP-002
recM848i9ftaFamLg	PO-2026-0003	c771aed4-b1ea-8311-b3aa-e69ea85cd549	14993.47	PRJ-2026-0003	SUP-003
recMsIBboGX9ncMA6	PO-2026-0001	6db5bd4b-f8c4-8aa5-80a9-49978dfcb6e3	12519.89	PRJ-2026-0001	SUP-001
recNslNF2nQCVD2PA	PO-2026-0012	b88f93d1-1045-85de-ae77-eaf2b2400cc1	7454.42	PRJ-2026-0012	SUP-006
recOoDbH6AC9x90ZY	PO-2026-0024	30581ccf-2494-8350-99f2-8daaad0b0262	5016.01	PRJ-2026-0024	SUP-006
recPkLqebqOcJ4GcF	PO-2026-0016	61625d4d-73ac-8de8-aabd-f74c29a835ab	10534.79	PRJ-2026-0016	SUP-004
recSK3oY72xNl5w0i	PO-2026-0026	bef7db12-5c98-8f92-bf28-0f142cf43552	3979.38	PRJ-2026-0026	SUP-002
recSanYj7BGim6D7w	PO-2026-0034	8293c29d-53ae-83a3-b704-66c7ec635970	904.95	PRJ-2026-0004	SUP-004
recSirwqYOxWZGdN9	PO-2026-0006	982cbcaf-cd67-83f0-9d1d-2324c919928b	15402.56	PRJ-2026-0006	SUP-006
recTqQb2vdg0xUe9L	PO-2026-0005	b4ccb3c4-fc0d-8f71-a28a-55ed74c12c84	5251.32	PRJ-2026-0005	SUP-005
recXU17isZQ7wyzfn	PO-2026-0029	a8be9e9c-d36a-815d-95c0-0b260b88fc48	6397.5	PRJ-2026-0029	SUP-005
recb1tsnsjHuQWW2M	PO-2026-0013	52e27c48-83b5-807b-a27a-c54df68143e5	6040.71	PRJ-2026-0013	SUP-001
reccDCuRh7fFmWugh	PO-2026-0015	cdfb2caf-6f79-8c76-ae22-8d9d327606ba	15724.3	PRJ-2026-0015	SUP-003
recgYhMRQZTo3J9wL	PO-2026-0021	4a3aa6ef-9585-81ee-aa1a-d028c93f0210	11959.85	PRJ-2026-0021	SUP-003
reciJJCs4GGaFBffB	PO-2026-0007	7e2ea49e-66f3-83d3-b763-d0f141d0e0a1	16942.16	PRJ-2026-0007	SUP-001
recj00JTcnrQWFOoe	PO-2026-0020	6ac7c909-63ea-85cf-8cd1-d20c7b82f8df	11693.13	PRJ-2026-0020	SUP-002
recj0nE1TqXZzKIJe	PO-2026-0008	e176bb03-0e75-8490-b384-780e355cc0e3	8423.84	PRJ-2026-0008	SUP-002
recm9QHTrH8IQagKz	PO-2026-0028	c512d178-e9b7-8cae-990e-2276f7be448c	15099.89	PRJ-2026-0028	SUP-004
recmgZQw4o0pDbMzX	PO-2026-0009	3938a670-c5ee-8fb1-9df8-47498304ad7d	4750.46	PRJ-2026-0009	SUP-003
recoPo9Mj9pT2xOwQ	PO-2026-0023	bda04a16-7d9e-8b6c-bf66-6e882b079816	11934.97	PRJ-2026-0023	SUP-005
recpbk9ohM0o8XSvv	PO-2026-0022	4e3c4402-b3a4-8ac1-bfe6-9205dad5a2fa	1633.83	PRJ-2026-0022	SUP-004
recq0Jh2tkFGlqw9h	PO-2026-0018	2d573872-906f-85ad-84bb-12e56ba9abd0	8737.12	PRJ-2026-0018	SUP-006
recrhDfw9BqcbTSGb	PO-2026-0025	14820825-7e33-87c2-a653-e0987b4a46d3	9025.87	PRJ-2026-0025	SUP-001
recuVhYjP2NLT6JFd	PO-2026-0017	e076bd3d-0ded-85b0-8085-1cef8e747d41	9305.88	PRJ-2026-0017	SUP-005
recvWeUjxnFgandpm	PO-2026-0027	cfbb7dd9-1087-8652-aaac-fc5b7765e90c	8206.8	PRJ-2026-0027	SUP-003
recvWv7W0AfNbA3vV	PO-2026-0031	51af159f-0ad0-8252-a224-9170f06e9928	7699.21	PRJ-2026-0001	SUP-001
recwZhGA2jGt3gxEs	PO-2026-0002	b687794e-cb24-861c-aa30-11c68ab94f7c	16705.58	PRJ-2026-0002	SUP-002
reczQgOJRvQRsrYau	PO-2026-0035	77fa86be-9aec-876e-a66f-1286b4e2ef98	9495.07	PRJ-2026-0005	SUP-005
