rec0eG6yJ5IPoZHcp	PRJ-2026-0030	de515270-3918-81f2-91c1-a599aa755000	Materials Pending	Q-2026-0030	2026-10-17
rec1DERolAkrWMGlO	PRJ-2026-0008	6c555710-14c2-82ff-8c8c-a5ae6b816d43	Completed	Q-2026-0008	2026-05-12
rec1tCJUF8FmHk74z	PRJ-2026-0016	27b52965-21cb-8230-8cda-d8b591329ac9	In Progress	Q-2026-0016	2026-09-26
rec6Ac4lGN0GQQIux	PRJ-2026-0027	6aaf9b3b-48db-8f0d-a66c-549d60bfca68	Scheduled	Q-2026-0027	2026-10-07
rec7V5UfgDFsqtgf6	PRJ-2026-0022	b8e0004a-db5a-8208-aed1-31f5b12c2c53	Materials Pending	Q-2026-0022	2026-10-11
rec87OyZps7E7MDPf	PRJ-2026-0021	76ee7513-e0d8-86fd-bbb3-26e4be932074	Planning	Q-2026-0021	2026-10-23
rec9YnklBwuoqFs8w	PRJ-2026-0019	78dd7cd2-7702-8ecb-bff7-ebae34d9e7fd	Scheduled	Q-2026-0019	2026-10-01
rec9dYTXiZ0flN8JY	PRJ-2026-0024	67c95348-d674-88c8-aa8b-0d2618f9c9e2	In Progress	Q-2026-0024	2026-09-27
recAkVBilgUt3jyxa	PRJ-2026-0001	26241192-7388-8304-bf77-77efe127f86f	Completed	Q-2026-0001	2026-06-22
recD8GOBM8pltWP62	PRJ-2026-0017	d17bbd1a-2bd2-8c19-951c-5db6f0dddd82	Planning	Q-2026-0017	2026-10-19
recIk32rfTvcYOFhr	PRJ-2026-0010	a00e7b1a-74f3-896a-b3e4-9da10dab811d	Materials Pending	Q-2026-0010	2026-10-05
recME4csmK0gd1KSV	PRJ-2026-0003	f7eedfd1-efc7-8e34-880b-1a3d94838da6	Completed	Q-2026-0003	2026-05-14
recOGNDsfqEMY9dYv	PRJ-2026-0026	4347a1ba-a7bb-86a7-b736-ea7e1389bb2c	Materials Pending	Q-2026-0026	2026-10-14
recRXhlRNEnGOXKn4	PRJ-2026-0020	9017e0b8-43ad-85f7-bfc2-f0cf0a52bdbc	In Progress	Q-2026-0020	2026-09-20
recUBt6FRrtM6tMRz	PRJ-2026-0018	8830da22-60bf-8502-aee2-94c2d462afa6	Materials Pending	Q-2026-0018	2026-10-07
recVc7DCnAIOVG3Gm	PRJ-2026-0029	73b75bfe-9306-86f5-91e4-ccd96974d3fb	Planning	Q-2026-0029	2026-10-31
recZh1kwhHQ1eUQLQ	PRJ-2026-0025	c82422de-e9b2-81f1-aad4-7d75f55aa27b	Planning	Q-2026-0025	2026-10-27
recbBZIwsTX5SgMHH	PRJ-2026-0002	8c0229b3-88cd-8ad3-bf22-a60075d204ae	Completed	Q-2026-0002	2026-06-12
recg0z5p2aNLKSqHb	PRJ-2026-0011	11029534-d43a-8b4b-91ae-1bb2bd9ae7ef	Scheduled	Q-2026-0011	2026-09-27
recmN6VfWE5JgFNfe	PRJ-2026-0009	529ee113-81f8-8416-b71c-d865bf7cbc00	Planning	Q-2026-0009	2026-10-15
recnkNNeTUzuKUHkk	PRJ-2026-0012	a25a110e-f335-81b1-8007-b61078ba8a9e	In Progress	Q-2026-0012	2026-09-25
recszBpeVxl2xAIhZ	PRJ-2026-0013	88b38603-221b-86a0-911e-8bf1555adafa	Planning	Q-2026-0013	2026-10-06
rectGO11zBWUSsUR7	PRJ-2026-0014	c98d37fc-bf7f-8ee1-a22c-019505b01151	Materials Pending	Q-2026-0014	2026-10-08
recu8gdkeJBRxjnxh	PRJ-2026-0023	ea535449-69c1-8339-a6dd-e5da58220232	Scheduled	Q-2026-0023	2026-10-04
recuFhnAh5sOaMaeb	PRJ-2026-0028	b8b54f90-6fbe-897d-9dd1-02fb3c11aaf0	In Progress	Q-2026-0028	2026-09-28
recwrPZNvk5w5faCX	PRJ-2026-0006	2ed99027-d7a1-8ead-8c8c-36094702eaf6	Completed	Q-2026-0006	2026-04-26
recxJjnFOuscBCQWf	PRJ-2026-0007	47b8a6fe-4b6d-88f9-99d9-db477fc99013	Completed	Q-2026-0007	2026-08-07
recyDSiQ5Ot1tdbVu	PRJ-2026-0005	24fc2454-4355-8573-b728-ec21517fbd3c	Completed	Q-2026-0005	2026-08-07
recyeQpK9VYyZFDQh	PRJ-2026-0015	a7695ee0-2a25-8250-8cfd-b2d22acf5b44	Scheduled	Q-2026-0015	2026-09-26
reczturPjx3N6PGoY	PRJ-2026-0004	e749a799-5cdf-8a22-881d-08365a78242a	Completed	Q-2026-0004	2026-05-26
