rec0AQmI4hB51YXGi	Q-2026-0016	058af6e4-b0d9-80aa-b3d9-e4330e26230a	56872.26	Accepted	CUST-0016
rec2JifL6MfiU0loa	Q-2026-0021	f3c30a94-e59a-89e4-955b-793559f020e0	65280.9	Accepted	CUST-0021
rec2Qlad8laTzb2iX	Q-2026-0028	466b04d9-7fde-8dd6-95fc-b522b24dc47a	46674.16	Accepted	CUST-0028
rec4MMzrBxFdppyVd	Q-2026-0041	f9602b55-2cc4-86c6-a6e4-e746b7336ed1	55437	Sent	CUST-0001
rec4RuKsIzaND6ucZ	Q-2026-0005	e928abc3-0aee-80fd-805e-32715011cc5f	44579.78	Accepted	CUST-0005
rec8MgS4HuurWNlY4	Q-2026-0051	8ec7e5ec-d203-80b6-bfe7-15d5fbe503c5	20937.87	Sent	CUST-0011
rec9HkEmXYqQInFQM	Q-2026-0013	9247acc9-9a88-80c5-883e-2429876bb76f	44785.6	Accepted	CUST-0013
recAMS3b0wtVREy8L	Q-2026-0002	57c16bf9-023b-882b-9d9e-e968b6ad9557	50519.92	Accepted	CUST-0002
recB3uCdNc4bRUX48	Q-2026-0015	8b4c6d20-50db-8138-a637-8f0677ec429c	23604.52	Accepted	CUST-0015
recBbvAWqmynLGbuC	Q-2026-0049	1c1c59da-dc9f-842d-9529-ac21f5918083	56100.79	Lost	CUST-0009
recCEjwWzWdeL7Gte	Q-2026-0031	37f998f1-213a-8f74-a2a3-d3e32f7dbcb3	56997.62	Accepted	CUST-0031
recD4KpvAiupjuBVL	Q-2026-0030	2c24c580-20a8-8447-8866-7d5e92bc9f40	28517.53	Accepted	CUST-0030
recDAbqldZUtwySp1	Q-2026-0022	bf04bfb8-a524-8494-8c9c-5947b8df1760	43712.84	Accepted	CUST-0022
recDjGwJ180vWwGJK	Q-2026-0064	4809906c-3585-8f56-bb51-2a71b2f45b99	18167.61	Sent	CUST-0012
recEClSK69cfARWmd	Q-2026-0063	242b76b2-701d-867a-9dd5-04fe3600bfe5	38256.7	Lost	CUST-0011
recEM2I1aRaa8VD9R	Q-2026-0052	2c43fe83-8cc3-8a23-9d60-c719ef9d8d6d	49794.56	Sent	CUST-0012
recFIEA9rCO5iW3mU	Q-2026-0025	7dfb7970-3f9f-81ae-bf48-0dd46448cd6a	35186.69	Accepted	CUST-0025
recGGWAqViuA80jgh	Q-2026-0056	9d4ba3a9-9cf2-8cb8-9917-f0da823abdde	19876.82	Lost	CUST-0004
recGj5e0AWsjKbvO5	Q-2026-0044	ae859dc2-6601-8b17-9160-472db2621071	17399.9	Sent	CUST-0004
recHNP8GgnQPRCtbG	Q-2026-0048	2dd422c1-b5c4-8b20-a2b1-d72992d74cfb	21118.17	Sent	CUST-0008
recICU2BWkPGUsNOQ	Q-2026-0037	2faa8cde-5953-85f2-a2db-25365a6f4a89	62617.8	Lost	CUST-0037
recJRhRe14ufQcWCx	Q-2026-0057	10b96cd3-1821-88e5-b72b-c1036564b305	46611.09	Lost	CUST-0005
recK9Q0l5AiZhgiZh	Q-2026-0034	f923fdfa-59b9-8361-9923-5176b16cf5a0	48756.52	Sent	CUST-0034
recKS7fIbU9OvwcHD	Q-2026-0060	7fe03f08-4ff4-8f2c-9949-c8cc4eb07b6d	68749.54	Lost	CUST-0008
recKUW7WTs9U9jJbF	Q-2026-0011	d37b763e-8496-80db-aec2-4f1f9eb062ca	48768	Accepted	CUST-0011
recKsWqBRYl55UShr	Q-2026-0020	61eb4c1e-c3a0-81d0-b34e-85e5369ffd3c	23201.13	Accepted	CUST-0020
recLKXlQBk6Wytmgd	Q-2026-0004	730e8ea8-4f3a-88c3-992b-307ab642d7de	20949.27	Accepted	CUST-0004
recLVUxwr8iGdtOsX	Q-2026-0003	10ba8339-2f6c-8ef2-8814-79b4b10468ea	57380.39	Accepted	CUST-0003
recLvahHb4T7qKflc	Q-2026-0039	a72b5cd5-d330-8145-8846-0a56f4dea72a	35176.51	Draft	CUST-0039
recN0rrqihA57YQsu	Q-2026-0035	e79e53cd-98d5-8034-b7d2-0a089fc1cf44	55161.96	Lost	CUST-0035
recNRrg7E0YBT4zdd	Q-2026-0019	a485cdde-bb64-8959-99e0-6f5c21243a8e	31277.91	Accepted	CUST-0019
recObRxLOqaONS1I7	Q-2026-0065	de2fc5fb-78f9-80d2-8012-492eb1d77d4c	39205.73	Draft	CUST-0013
recOmIqWvG6Tx9RY8	Q-2026-0047	4f21f027-e07c-84cc-b71a-654041331d55	58231.92	Lost	CUST-0007
recPddJzikk69Lbz8	Q-2026-0023	09c70a79-780e-8ba5-9505-db157a133888	26791.1	Accepted	CUST-0023
recQMug8kocbjsgVS	Q-2026-0027	e0988519-57fa-8828-a2bf-9901bcf56b78	55571.69	Accepted	CUST-0027
recRTigTq7E46fsUv	Q-2026-0053	1e12b81a-9d4c-871a-b3a7-d4e6afef9213	47639.28	Lost	CUST-0001
recSONXjaFcKYw2ui	Q-2026-0017	81955af6-a20f-8c3c-a221-cf1400f6a25f	20526.7	Accepted	CUST-0017
recTIc4FEffZTUBh9	Q-2026-0007	d077851e-cb9b-82de-bf81-a8b8482a77e8	63968.13	Accepted	CUST-0007
recTJaTKGriSQUhQc	Q-2026-0010	1575956f-f9a6-847e-a286-3b3cf0872ac9	47749.21	Accepted	CUST-0010
recV9z8dBmhjJrGX8	Q-2026-0040	aa9c635f-f751-8825-bfc4-e57ae2230e79	44392.67	Expired	CUST-0040
recVYkrZaJiaEXHYX	Q-2026-0054	84862740-f609-81ef-9528-bbc24da02bc7	32304.54	Sent	CUST-0002
recVZ6JhFFentp7aE	Q-2026-0006	eff42dfa-0a63-8d2b-9d23-3f23ac15ba83	25740.6	Accepted	CUST-0006
recVsnLkm2Xfo6ss9	Q-2026-0042	accea408-99ed-8c37-a619-ecaea64a9f75	25273.13	Lost	CUST-0002
recYF8opwbf8P7BZv	Q-2026-0012	885e39a4-de4d-8434-a626-abf3e34cbbae	27448.76	Accepted	CUST-0012
recaGVHdskna5Ck5X	Q-2026-0055	0efb5fed-9d17-8632-9d06-4eee12444106	53278.95	Lost	CUST-0003
recauIMC3cBmB74rO	Q-2026-0043	822ebd47-db1d-869e-a2f0-2869711fe2e4	27480.63	Expired	CUST-0003
recb56yG7flmcCFhn	Q-2026-0001	d289c1bb-4371-8a50-bf45-7724cc8d98ca	38607.58	Accepted	CUST-0001
recbF60RyLIgCzkpI	Q-2026-0059	b7dbb0d2-c5cf-8c99-aeb1-5f6a3558e5b7	40962.26	Lost	CUST-0007
recdjRPZLduAeBcls	Q-2026-0018	ff45098d-9c95-8849-914f-504bd23a8fab	24962.85	Accepted	CUST-0018
recfH3WCt2kSPLWMo	Q-2026-0026	9ee248a1-ab3f-8580-bb89-03bfce67e4fb	24885.69	Accepted	CUST-0026
rechdvu61JYXFq0oJ	Q-2026-0009	7c64e8b0-b179-811a-a2d5-87b7c172589d	24081.84	Accepted	CUST-0009
rechtohMZgmx0C8E9	Q-2026-0058	de29229e-2325-8c58-95bf-2878fb37f862	29123.68	Sent	CUST-0006
recitIsekDGGe803n	Q-2026-0036	50098be6-b8f2-8eef-84fe-4f729fa300d9	29289.12	Sent	CUST-0036
reck5ZJWeBEncbsQU	Q-2026-0062	2d431630-aa14-8386-a6f9-594d57226d2d	56068.09	Expired	CUST-0010
reclZoAiGxxYrOz5l	Q-2026-0045	fe989652-b345-83c3-84a6-7b865f70a582	49430.83	Lost	CUST-0005
recmcm739aoBUPE4L	Q-2026-0033	5b601073-1192-85ac-88ee-ed3b19e6f947	57679.83	Draft	CUST-0033
recoBvDQEJy0Kxbke	Q-2026-0032	4b1dc395-349c-8135-aaa6-86dfe1ad05e2	26213.8	Sent	CUST-0032
recoL0aQ6Csx6T1Se	Q-2026-0029	d0d69ca7-3623-8450-bfff-c3972dbbb0bf	59076.38	Accepted	CUST-0029
recpDsIx8lLf0DrUB	Q-2026-0024	99eb69de-7b8f-8dd3-aea9-935850bd3cbb	29516.53	Accepted	CUST-0024
recqnyHGbYhZjKYSj	Q-2026-0050	368b5336-4501-8dac-bf6a-85c9cf1a020b	49180.7	Sent	CUST-0010
recqqHV6I9C1253Tm	Q-2026-0008	bec05d8a-f4ca-869f-809e-ddbec7e76639	49739.7	Accepted	CUST-0008
recshfv4u8djX8Pp0	Q-2026-0061	80b703ff-6fa8-8a02-a685-22396a3453cd	56182.12	Lost	CUST-0009
recsy2wRomlFCB9Gj	Q-2026-0038	ad87f1ae-97fe-8af8-ae36-fe96a1b7e500	25795.08	Draft	CUST-0038
rectfXmIwNQvq99Ue	Q-2026-0014	dfbd7308-3b51-8e42-bbfa-5d88e0268e79	40612.34	Accepted	CUST-0014
recxmayBFipUDr9Ff	Q-2026-0046	393904b0-f705-8b08-99f2-ed6ddfe1d6c4	54438.47	Draft	CUST-0006
