invoice_id,project_id,invoice_status,invoice_date,due_date,paid_date,invoice_amount_aud,xero_invoice_id,edge_case_tags
INV-2026-0001,PRJ-2026-0001,Sent,2026-07-26,2026-10-21,,3860.76,DEMO-XERO-5000,
INV-2026-0002,PRJ-2026-0002,Paid,2026-08-31,2026-09-14,2026-09-08,25259.96,DEMO-XERO-5001,
INV-2026-0003,PRJ-2026-0003,Paid,2026-09-18,2026-10-02,2026-09-28,5738.04,DEMO-XERO-5002,
INV-2026-0004,PRJ-2026-0004,Paid,2026-06-17,2026-07-01,2026-06-30,4189.85,DEMO-XERO-5003,
INV-2026-0005,PRJ-2026-0005,Paid,2026-07-12,2026-07-23,2026-07-23,4457.98,DEMO-XERO-5004,
INV-2026-0006,PRJ-2026-0006,Paid,2026-06-16,2026-06-30,2026-06-24,5148.12,DEMO-XERO-5005,
INV-2026-0007,PRJ-2026-0007,Paid,2026-09-01,2026-09-15,2026-09-13,31984.06,DEMO-XERO-5006,
INV-2026-0008,PRJ-2026-0008,Paid,2026-08-04,2026-08-18,2026-08-18,9947.94,DEMO-XERO-5007,
INV-2026-0009,PRJ-2026-0009,Paid,2026-06-03,2026-06-17,2026-06-17,12040.92,DEMO-XERO-5008,
INV-2026-0010,PRJ-2026-0010,Sent,2026-08-31,2026-10-12,,23874.6,DEMO-XERO-5009,
INV-2026-0011,PRJ-2026-0011,Paid,2026-07-22,2026-08-05,2026-08-01,4876.8,DEMO-XERO-5010,
INV-2026-0012,PRJ-2026-0012,Paid,2026-08-01,2026-08-15,2026-08-14,27448.76,DEMO-XERO-5011,
INV-2026-0013,PRJ-2026-0013,Paid,2026-07-10,2026-07-24,2026-07-19,4478.56,DEMO-XERO-5012,
INV-2026-0014,PRJ-2026-0014,Paid,2026-06-11,2026-06-25,2026-06-19,4061.23,DEMO-XERO-5013,
INV-2026-0015,PRJ-2026-0015,Paid,2026-08-18,2026-09-01,2026-08-27,23604.52,DEMO-XERO-5014,
INV-2026-0016,PRJ-2026-0016,Paid,2026-09-09,2026-09-23,2026-09-23,11374.45,DEMO-XERO-5015,
INV-2026-0017,PRJ-2026-0017,Paid,2026-06-06,2026-06-20,2026-06-14,2052.67,DEMO-XERO-5016,
INV-2026-0018,PRJ-2026-0018,Paid,2026-06-13,2026-06-27,2026-06-21,2496.28,DEMO-XERO-5017,
INV-2026-0019,PRJ-2026-0019,Paid,2026-07-31,2026-08-14,2026-08-12,3127.79,DEMO-XERO-5018,
INV-2026-0020,PRJ-2026-0020,Sent,2026-08-05,2026-10-03,,11600.57,DEMO-XERO-5019,
INV-2026-0021,PRJ-2026-0021,Paid,2026-06-06,2026-06-17,2026-06-13,13056.18,DEMO-XERO-5020,
INV-2026-0022,PRJ-2026-0022,Paid,2026-06-14,2026-06-28,2026-06-22,43712.84,DEMO-XERO-5021,
INV-2026-0023,PRJ-2026-0023,Paid,2026-06-02,2026-06-16,2026-06-13,5358.22,DEMO-XERO-5022,
INV-2026-0024,PRJ-2026-0024,Paid,2026-09-15,2026-09-29,2026-09-23,14758.26,DEMO-XERO-5023,
INV-2026-0025,PRJ-2026-0025,Sent,2026-08-14,2026-09-08,,3518.67,,OVERDUE_INVOICE
INV-2026-0026,PRJ-2026-0026,Paid,2026-06-22,2026-07-06,2026-07-01,2488.57,DEMO-XERO-5025,
INV-2026-0027,PRJ-2026-0027,Paid,2026-07-13,2026-07-27,2026-07-27,27785.85,DEMO-XERO-5026,
INV-2026-0028,PRJ-2026-0028,Sent,2026-07-22,2026-10-05,,9334.83,DEMO-XERO-5027,
INV-2026-0029,PRJ-2026-0029,Paid,2026-08-27,2026-09-10,2026-09-08,5907.64,DEMO-XERO-5028,
INV-2026-0030,PRJ-2026-0030,Paid,2026-09-03,2026-09-17,2026-09-12,28517.53,DEMO-XERO-5029,
INV-2026-0031,PRJ-2026-0001,Sent,2026-07-24,2026-10-06,,3860.76,DEMO-XERO-5030,
INV-2026-0032,PRJ-2026-0002,Sent,2026-08-13,2026-09-05,,10103.98,,OVERDUE_INVOICE
INV-2026-0033,PRJ-2026-0003,Draft,2026-07-27,2026-08-10,,5738.04,,
INV-2026-0034,PRJ-2026-0004,Paid,2026-08-14,2026-08-28,2026-08-25,2094.93,DEMO-XERO-5033,
INV-2026-0035,PRJ-2026-0005,Sent,2026-07-12,2026-10-17,,22289.89,DEMO-XERO-5034,
INV-2026-0036,PRJ-2026-0006,Sent,2026-08-21,2026-10-08,,25740.6,DEMO-XERO-5035,
INV-2026-0037,PRJ-2026-0007,Paid,2026-07-29,2026-08-12,2026-08-09,6396.81,DEMO-XERO-5036,
INV-2026-0038,PRJ-2026-0008,Sent,2026-08-06,2026-10-06,,49739.7,DEMO-XERO-5037,
