event_key,event_type,processed_at,status,result_reference
EVT-00001,lead.created,2026-06-01T08:00:00+10:00,processed,PRJ-2026-0001
EVT-00002,inspection.completed,2026-06-01T21:00:00+10:00,processed,PRJ-2026-0002
EVT-00003,quote.sent,2026-06-02T10:00:00+10:00,processed,Q-2026-0003
EVT-00004,quote.accepted,2026-06-02T23:00:00+10:00,processed,Q-2026-0004
EVT-00005,project.created,2026-06-03T12:00:00+10:00,processed,PRJ-2026-0005
EVT-00006,materials.review_requested,2026-06-04T01:00:00+10:00,processed,PRJ-2026-0006
EVT-00007,po.drafted,2026-06-04T14:00:00+10:00,processed,PRJ-2026-0007
EVT-00008,po.approved,2026-06-05T03:00:00+10:00,processed,PRJ-2026-0008
EVT-00009,po.sent,2026-06-05T16:00:00+10:00,processed,PRJ-2026-0009
EVT-00010,supplier.acknowledged,2026-06-06T05:00:00+10:00,processed,PRJ-2026-0010
EVT-00011,job.scheduled,2026-06-06T18:00:00+10:00,processed,PRJ-2026-0011
EVT-00012,job.started,2026-06-07T07:00:00+10:00,processed,PRJ-2026-0012
EVT-00013,site.note.created,2026-06-07T20:00:00+10:00,processed,PRJ-2026-0013
EVT-00014,job.completed,2026-06-08T09:00:00+10:00,processed,PRJ-2026-0014
EVT-00015,invoice.drafted,2026-06-08T22:00:00+10:00,processed,PRJ-2026-0015
EVT-00016,invoice.created,2026-06-09T11:00:00+10:00,processed,PRJ-2026-0016
EVT-00017,invoice.paid,2026-06-10T00:00:00+10:00,processed,PRJ-2026-0017
EVT-00018,lead.created,2026-06-10T13:00:00+10:00,processed,PRJ-2026-0018
EVT-00019,inspection.completed,2026-06-11T02:00:00+10:00,processed,PRJ-2026-0019
EVT-00020,quote.sent,2026-06-11T15:00:00+10:00,processed,Q-2026-0020
EVT-00021,quote.accepted,2026-06-12T04:00:00+10:00,processed,Q-2026-0021
EVT-00022,project.created,2026-06-12T17:00:00+10:00,processed,PRJ-2026-0022
EVT-00023,materials.review_requested,2026-06-13T06:00:00+10:00,processed,PRJ-2026-0023
EVT-00024,po.drafted,2026-06-13T19:00:00+10:00,processed,PRJ-2026-0024
EVT-00025,po.approved,2026-06-14T08:00:00+10:00,processed,PRJ-2026-0025
EVT-00026,po.sent,2026-06-14T21:00:00+10:00,processed,PRJ-2026-0026
EVT-00027,supplier.acknowledged,2026-06-15T10:00:00+10:00,processed,PRJ-2026-0027
EVT-00028,job.scheduled,2026-06-15T23:00:00+10:00,processed,PRJ-2026-0028
EVT-00029,job.started,2026-06-16T12:00:00+10:00,processed,PRJ-2026-0029
EVT-00030,site.note.created,2026-06-17T01:00:00+10:00,processed,PRJ-2026-0030
EVT-00031,job.completed,2026-06-17T14:00:00+10:00,processed,PRJ-2026-0001
EVT-00032,invoice.drafted,2026-06-18T03:00:00+10:00,processed,PRJ-2026-0002
EVT-00033,invoice.created,2026-06-18T16:00:00+10:00,processed,PRJ-2026-0003
EVT-00034,invoice.paid,2026-06-19T05:00:00+10:00,processed,PRJ-2026-0004
EVT-00035,lead.created,2026-06-19T18:00:00+10:00,processed,PRJ-2026-0005
EVT-00036,inspection.completed,2026-06-20T07:00:00+10:00,processed,PRJ-2026-0006
EVT-00037,quote.sent,2026-06-20T20:00:00+10:00,processed,Q-2026-0007
EVT-00038,quote.accepted,2026-06-21T09:00:00+10:00,processed,Q-2026-0008
EVT-00039,project.created,2026-06-21T22:00:00+10:00,processed,PRJ-2026-0009
EVT-00040,materials.review_requested,2026-06-22T11:00:00+10:00,processed,PRJ-2026-0010
EVT-00041,po.drafted,2026-06-23T00:00:00+10:00,processed,PRJ-2026-0011
EVT-00042,po.approved,2026-06-23T13:00:00+10:00,processed,PRJ-2026-0012
EVT-00043,po.sent,2026-06-24T02:00:00+10:00,processed,PRJ-2026-0013
EVT-00044,supplier.acknowledged,2026-06-24T15:00:00+10:00,processed,PRJ-2026-0014
EVT-00045,job.scheduled,2026-06-25T04:00:00+10:00,processed,PRJ-2026-0015
EVT-00046,job.started,2026-06-25T17:00:00+10:00,processed,PRJ-2026-0016
EVT-00047,site.note.created,2026-06-26T06:00:00+10:00,processed,PRJ-2026-0017
EVT-00048,job.completed,2026-06-26T19:00:00+10:00,processed,PRJ-2026-0018
EVT-00049,invoice.drafted,2026-06-27T08:00:00+10:00,processed,PRJ-2026-0019
EVT-00050,invoice.created,2026-06-27T21:00:00+10:00,processed,PRJ-2026-0020
EVT-00051,invoice.paid,2026-06-28T10:00:00+10:00,processed,PRJ-2026-0021
EVT-00052,lead.created,2026-06-28T23:00:00+10:00,processed,PRJ-2026-0022
EVT-00053,inspection.completed,2026-06-29T12:00:00+10:00,processed,PRJ-2026-0023
EVT-00054,quote.sent,2026-06-30T01:00:00+10:00,processed,Q-2026-0024
EVT-00055,quote.accepted,2026-06-30T14:00:00+10:00,processed,Q-2026-0025
EVT-00056,project.created,2026-07-01T03:00:00+10:00,processed,PRJ-2026-0026
EVT-00057,materials.review_requested,2026-07-01T16:00:00+10:00,processed,PRJ-2026-0027
EVT-00058,po.drafted,2026-07-02T05:00:00+10:00,processed,PRJ-2026-0028
EVT-00059,po.approved,2026-07-02T18:00:00+10:00,processed,PRJ-2026-0029
EVT-00060,po.sent,2026-07-03T07:00:00+10:00,processed,PRJ-2026-0030
EVT-00061,supplier.acknowledged,2026-07-03T20:00:00+10:00,processed,PRJ-2026-0001
EVT-00062,job.scheduled,2026-07-04T09:00:00+10:00,processed,PRJ-2026-0002
EVT-00063,job.started,2026-07-04T22:00:00+10:00,processed,PRJ-2026-0003
EVT-00064,site.note.created,2026-07-05T11:00:00+10:00,processed,PRJ-2026-0004
EVT-00065,job.completed,2026-07-06T00:00:00+10:00,processed,PRJ-2026-0005
EVT-00066,invoice.drafted,2026-07-06T13:00:00+10:00,processed,PRJ-2026-0006
EVT-00067,invoice.created,2026-07-07T02:00:00+10:00,processed,PRJ-2026-0007
EVT-00068,invoice.paid,2026-07-07T15:00:00+10:00,processed,PRJ-2026-0008
EVT-00069,lead.created,2026-07-08T04:00:00+10:00,processed,PRJ-2026-0009
EVT-00070,inspection.completed,2026-07-08T17:00:00+10:00,processed,PRJ-2026-0010
EVT-00071,quote.sent,2026-07-09T06:00:00+10:00,processed,Q-2026-0011
EVT-00072,quote.accepted,2026-07-09T19:00:00+10:00,processed,Q-2026-0012
EVT-00073,project.created,2026-07-10T08:00:00+10:00,processed,PRJ-2026-0013
EVT-00074,materials.review_requested,2026-07-10T21:00:00+10:00,processed,PRJ-2026-0014
EVT-00075,po.drafted,2026-07-11T10:00:00+10:00,processed,PRJ-2026-0015
EVT-00076,po.approved,2026-07-11T23:00:00+10:00,processed,PRJ-2026-0016
EVT-00077,po.sent,2026-07-12T12:00:00+10:00,processed,PRJ-2026-0017
EVT-00078,supplier.acknowledged,2026-07-13T01:00:00+10:00,processed,PRJ-2026-0018
EVT-00079,job.scheduled,2026-07-13T14:00:00+10:00,processed,PRJ-2026-0019
EVT-00080,job.started,2026-07-14T03:00:00+10:00,processed,PRJ-2026-0020
quote.accepted:Q-2026-0005,quote.accepted,2026-09-28T08:01:00+10:00,processed,PRJ-2026-0005
