event_id,correlation_id,event_type,entity_type,entity_id,actor_type,actor_id,source,workflow_version,occurred_at,status,external_reference,error_class,metadata_json
EVT-00001,CORR-0001,lead.created,project,PRJ-2026-0001,user,Aiden Brooks,web,1.0.0,2026-06-01T08:00:00+10:00,success,,,"{""synthetic"": true}"
EVT-00002,CORR-0002,inspection.completed,project,PRJ-2026-0002,system,n8n-roofops,n8n,1.0.0,2026-06-01T21:00:00+10:00,success,,,"{""synthetic"": true}"
EVT-00003,CORR-0003,quote.sent,quote,Q-2026-0003,system,n8n-roofops,n8n,1.0.0,2026-06-02T10:00:00+10:00,success,,,"{""synthetic"": true}"
EVT-00004,CORR-0004,quote.accepted,quote,Q-2026-0004,user,Maddison Price,web,1.0.0,2026-06-02T23:00:00+10:00,success,,,"{""synthetic"": true}"
EVT-00005,CORR-0005,project.created,project,PRJ-2026-0005,system,n8n-roofops,n8n,1.0.0,2026-06-03T12:00:00+10:00,success,,,"{""synthetic"": true}"
EVT-00006,CORR-0006,materials.review_requested,project,PRJ-2026-0006,system,n8n-roofops,n8n,1.0.0,2026-06-04T01:00:00+10:00,success,,,"{""synthetic"": true}"
EVT-00007,CORR-0007,po.drafted,project,PRJ-2026-0007,user,Lachlan Reed,web,1.0.0,2026-06-04T14:00:00+10:00,success,,,"{""synthetic"": true}"
EVT-00008,CORR-0008,po.approved,project,PRJ-2026-0008,system,n8n-roofops,n8n,1.0.0,2026-06-05T03:00:00+10:00,success,,,"{""synthetic"": true}"
EVT-00009,CORR-0009,po.sent,project,PRJ-2026-0009,system,n8n-roofops,n8n,1.0.0,2026-06-05T16:00:00+10:00,success,,,"{""synthetic"": true}"
EVT-00010,CORR-0010,supplier.acknowledged,project,PRJ-2026-0010,user,Sophie Carter,web,1.0.0,2026-06-06T05:00:00+10:00,success,,,"{""synthetic"": true}"
EVT-00011,CORR-0011,job.scheduled,project,PRJ-2026-0011,system,n8n-roofops,n8n,1.0.0,2026-06-06T18:00:00+10:00,success,,,"{""synthetic"": true}"
EVT-00012,CORR-0012,job.started,project,PRJ-2026-0012,system,n8n-roofops,n8n,1.0.0,2026-06-07T07:00:00+10:00,success,,,"{""synthetic"": true}"
EVT-00013,CORR-0013,site.note.created,project,PRJ-2026-0013,user,Aiden Brooks,web,1.0.0,2026-06-07T20:00:00+10:00,success,,,"{""synthetic"": true}"
EVT-00014,CORR-0014,job.completed,project,PRJ-2026-0014,system,n8n-roofops,n8n,1.0.0,2026-06-08T09:00:00+10:00,success,,,"{""synthetic"": true}"
EVT-00015,CORR-0015,invoice.drafted,project,PRJ-2026-0015,system,n8n-roofops,n8n,1.0.0,2026-06-08T22:00:00+10:00,success,,,"{""synthetic"": true}"
EVT-00016,CORR-0016,invoice.created,project,PRJ-2026-0016,user,Maddison Price,web,1.0.0,2026-06-09T11:00:00+10:00,success,,,"{""synthetic"": true}"
EVT-00017,CORR-0017,invoice.paid,project,PRJ-2026-0017,system,n8n-roofops,n8n,1.0.0,2026-06-10T00:00:00+10:00,success,,,"{""synthetic"": true}"
EVT-00018,CORR-0018,lead.created,project,PRJ-2026-0018,system,n8n-roofops,n8n,1.0.0,2026-06-10T13:00:00+10:00,success,,,"{""synthetic"": true}"
EVT-00019,CORR-0019,inspection.completed,project,PRJ-2026-0019,user,Lachlan Reed,web,1.0.0,2026-06-11T02:00:00+10:00,success,,,"{""synthetic"": true}"
EVT-00020,CORR-0020,quote.sent,quote,Q-2026-0020,system,n8n-roofops,n8n,1.0.0,2026-06-11T15:00:00+10:00,success,,,"{""synthetic"": true}"
EVT-00021,CORR-0021,quote.accepted,quote,Q-2026-0021,system,n8n-roofops,n8n,1.0.0,2026-06-12T04:00:00+10:00,success,,,"{""synthetic"": true}"
EVT-00022,CORR-0022,project.created,project,PRJ-2026-0022,user,Sophie Carter,web,1.0.0,2026-06-12T17:00:00+10:00,success,,,"{""synthetic"": true}"
EVT-00023,CORR-0023,materials.review_requested,project,PRJ-2026-0023,system,n8n-roofops,n8n,1.0.0,2026-06-13T06:00:00+10:00,success,,,"{""synthetic"": true}"
EVT-00024,CORR-0024,po.drafted,project,PRJ-2026-0024,system,n8n-roofops,n8n,1.0.0,2026-06-13T19:00:00+10:00,success,,,"{""synthetic"": true}"
EVT-00025,CORR-0025,po.approved,project,PRJ-2026-0025,user,Aiden Brooks,web,1.0.0,2026-06-14T08:00:00+10:00,success,,,"{""synthetic"": true}"
EVT-00026,CORR-0026,po.sent,project,PRJ-2026-0026,system,n8n-roofops,n8n,1.0.0,2026-06-14T21:00:00+10:00,success,,,"{""synthetic"": true}"
EVT-00027,CORR-0027,supplier.acknowledged,project,PRJ-2026-0027,system,n8n-roofops,n8n,1.0.0,2026-06-15T10:00:00+10:00,success,,,"{""synthetic"": true}"
EVT-00028,CORR-0028,job.scheduled,project,PRJ-2026-0028,user,Maddison Price,web,1.0.0,2026-06-15T23:00:00+10:00,success,,,"{""synthetic"": true}"
EVT-00029,CORR-0029,job.started,project,PRJ-2026-0029,system,n8n-roofops,n8n,1.0.0,2026-06-16T12:00:00+10:00,success,,,"{""synthetic"": true}"
EVT-00030,CORR-0030,site.note.created,project,PRJ-2026-0030,system,n8n-roofops,n8n,1.0.0,2026-06-17T01:00:00+10:00,success,,,"{""synthetic"": true}"
EVT-00031,CORR-0001,job.completed,project,PRJ-2026-0001,user,Lachlan Reed,web,1.0.0,2026-06-17T14:00:00+10:00,success,,,"{""synthetic"": true}"
EVT-00032,CORR-0002,invoice.drafted,project,PRJ-2026-0002,system,n8n-roofops,n8n,1.0.0,2026-06-18T03:00:00+10:00,success,,,"{""synthetic"": true}"
EVT-00033,CORR-0003,invoice.created,project,PRJ-2026-0003,system,n8n-roofops,n8n,1.0.0,2026-06-18T16:00:00+10:00,success,,,"{""synthetic"": true}"
EVT-00034,CORR-0004,invoice.paid,project,PRJ-2026-0004,user,Sophie Carter,web,1.0.0,2026-06-19T05:00:00+10:00,success,,,"{""synthetic"": true}"
EVT-00035,CORR-0005,lead.created,project,PRJ-2026-0005,system,n8n-roofops,n8n,1.0.0,2026-06-19T18:00:00+10:00,success,,,"{""synthetic"": true}"
EVT-00036,CORR-0006,inspection.completed,project,PRJ-2026-0006,system,n8n-roofops,n8n,1.0.0,2026-06-20T07:00:00+10:00,success,,,"{""synthetic"": true}"
EVT-00037,CORR-0007,quote.sent,quote,Q-2026-0007,user,Aiden Brooks,web,1.0.0,2026-06-20T20:00:00+10:00,success,,,"{""synthetic"": true}"
EVT-00038,CORR-0008,quote.accepted,quote,Q-2026-0008,system,n8n-roofops,n8n,1.0.0,2026-06-21T09:00:00+10:00,success,,,"{""synthetic"": true}"
EVT-00039,CORR-0009,project.created,project,PRJ-2026-0009,system,n8n-roofops,n8n,1.0.0,2026-06-21T22:00:00+10:00,success,,,"{""synthetic"": true}"
EVT-00040,CORR-0010,materials.review_requested,project,PRJ-2026-0010,user,Maddison Price,web,1.0.0,2026-06-22T11:00:00+10:00,success,,,"{""synthetic"": true}"
EVT-00041,CORR-0011,po.drafted,project,PRJ-2026-0011,system,n8n-roofops,n8n,1.0.0,2026-06-23T00:00:00+10:00,success,,,"{""synthetic"": true}"
EVT-00042,CORR-0012,po.approved,project,PRJ-2026-0012,system,n8n-roofops,n8n,1.0.0,2026-06-23T13:00:00+10:00,success,,,"{""synthetic"": true}"
EVT-00043,CORR-0013,po.sent,project,PRJ-2026-0013,user,Lachlan Reed,web,1.0.0,2026-06-24T02:00:00+10:00,success,,,"{""synthetic"": true}"
EVT-00044,CORR-0014,supplier.acknowledged,project,PRJ-2026-0014,system,n8n-roofops,n8n,1.0.0,2026-06-24T15:00:00+10:00,success,,,"{""synthetic"": true}"
EVT-00045,CORR-0015,job.scheduled,project,PRJ-2026-0015,system,n8n-roofops,n8n,1.0.0,2026-06-25T04:00:00+10:00,success,,,"{""synthetic"": true}"
EVT-00046,CORR-0016,job.started,project,PRJ-2026-0016,user,Sophie Carter,web,1.0.0,2026-06-25T17:00:00+10:00,success,,,"{""synthetic"": true}"
EVT-00047,CORR-0017,site.note.created,project,PRJ-2026-0017,system,n8n-roofops,n8n,1.0.0,2026-06-26T06:00:00+10:00,success,,,"{""synthetic"": true}"
EVT-00048,CORR-0018,job.completed,project,PRJ-2026-0018,system,n8n-roofops,n8n,1.0.0,2026-06-26T19:00:00+10:00,success,,,"{""synthetic"": true}"
EVT-00049,CORR-0019,invoice.drafted,project,PRJ-2026-0019,user,Aiden Brooks,web,1.0.0,2026-06-27T08:00:00+10:00,success,,,"{""synthetic"": true}"
EVT-00050,CORR-0020,invoice.created,project,PRJ-2026-0020,system,n8n-roofops,n8n,1.0.0,2026-06-27T21:00:00+10:00,success,,,"{""synthetic"": true}"
EVT-00051,CORR-0021,invoice.paid,project,PRJ-2026-0021,system,n8n-roofops,n8n,1.0.0,2026-06-28T10:00:00+10:00,success,,,"{""synthetic"": true}"
EVT-00052,CORR-0022,lead.created,project,PRJ-2026-0022,user,Maddison Price,web,1.0.0,2026-06-28T23:00:00+10:00,success,,,"{""synthetic"": true}"
EVT-00053,CORR-0023,inspection.completed,project,PRJ-2026-0023,system,n8n-roofops,n8n,1.0.0,2026-06-29T12:00:00+10:00,success,,,"{""synthetic"": true}"
EVT-00054,CORR-0024,quote.sent,quote,Q-2026-0024,system,n8n-roofops,n8n,1.0.0,2026-06-30T01:00:00+10:00,success,,,"{""synthetic"": true}"
EVT-00055,CORR-0025,quote.accepted,quote,Q-2026-0025,user,Lachlan Reed,web,1.0.0,2026-06-30T14:00:00+10:00,success,,,"{""synthetic"": true}"
EVT-00056,CORR-0026,project.created,project,PRJ-2026-0026,system,n8n-roofops,n8n,1.0.0,2026-07-01T03:00:00+10:00,success,,,"{""synthetic"": true}"
EVT-00057,CORR-0027,materials.review_requested,project,PRJ-2026-0027,system,n8n-roofops,n8n,1.0.0,2026-07-01T16:00:00+10:00,success,,,"{""synthetic"": true}"
EVT-00058,CORR-0028,po.drafted,project,PRJ-2026-0028,user,Sophie Carter,web,1.0.0,2026-07-02T05:00:00+10:00,success,,,"{""synthetic"": true}"
EVT-00059,CORR-0029,po.approved,project,PRJ-2026-0029,system,n8n-roofops,n8n,1.0.0,2026-07-02T18:00:00+10:00,success,,,"{""synthetic"": true}"
EVT-00060,CORR-0030,po.sent,project,PRJ-2026-0030,system,n8n-roofops,n8n,1.0.0,2026-07-03T07:00:00+10:00,success,,,"{""synthetic"": true}"
EVT-00061,CORR-0001,supplier.acknowledged,project,PRJ-2026-0001,user,Aiden Brooks,web,1.0.0,2026-07-03T20:00:00+10:00,success,,,"{""synthetic"": true}"
EVT-00062,CORR-0002,job.scheduled,project,PRJ-2026-0002,system,n8n-roofops,n8n,1.0.0,2026-07-04T09:00:00+10:00,success,,,"{""synthetic"": true}"
EVT-00063,CORR-0003,job.started,project,PRJ-2026-0003,system,n8n-roofops,n8n,1.0.0,2026-07-04T22:00:00+10:00,success,,,"{""synthetic"": true}"
EVT-00064,CORR-0004,site.note.created,project,PRJ-2026-0004,user,Maddison Price,web,1.0.0,2026-07-05T11:00:00+10:00,success,,,"{""synthetic"": true}"
EVT-00065,CORR-0005,job.completed,project,PRJ-2026-0005,system,n8n-roofops,n8n,1.0.0,2026-07-06T00:00:00+10:00,success,,,"{""synthetic"": true}"
EVT-00066,CORR-0006,invoice.drafted,project,PRJ-2026-0006,system,n8n-roofops,n8n,1.0.0,2026-07-06T13:00:00+10:00,success,,,"{""synthetic"": true}"
EVT-00067,CORR-0007,invoice.created,project,PRJ-2026-0007,user,Lachlan Reed,web,1.0.0,2026-07-07T02:00:00+10:00,success,,,"{""synthetic"": true}"
EVT-00068,CORR-0008,invoice.paid,project,PRJ-2026-0008,system,n8n-roofops,n8n,1.0.0,2026-07-07T15:00:00+10:00,success,,,"{""synthetic"": true}"
EVT-00069,CORR-0009,lead.created,project,PRJ-2026-0009,system,n8n-roofops,n8n,1.0.0,2026-07-08T04:00:00+10:00,success,,,"{""synthetic"": true}"
EVT-00070,CORR-0010,inspection.completed,project,PRJ-2026-0010,user,Sophie Carter,web,1.0.0,2026-07-08T17:00:00+10:00,success,,,"{""synthetic"": true}"
EVT-00071,CORR-0011,quote.sent,quote,Q-2026-0011,system,n8n-roofops,n8n,1.0.0,2026-07-09T06:00:00+10:00,success,,,"{""synthetic"": true}"
EVT-00072,CORR-0012,quote.accepted,quote,Q-2026-0012,system,n8n-roofops,n8n,1.0.0,2026-07-09T19:00:00+10:00,success,,,"{""synthetic"": true}"
EVT-00073,CORR-0013,project.created,project,PRJ-2026-0013,user,Aiden Brooks,web,1.0.0,2026-07-10T08:00:00+10:00,success,,,"{""synthetic"": true}"
EVT-00074,CORR-0014,materials.review_requested,project,PRJ-2026-0014,system,n8n-roofops,n8n,1.0.0,2026-07-10T21:00:00+10:00,success,,,"{""synthetic"": true}"
EVT-00075,CORR-0015,po.drafted,project,PRJ-2026-0015,system,n8n-roofops,n8n,1.0.0,2026-07-11T10:00:00+10:00,success,,,"{""synthetic"": true}"
EVT-00076,CORR-0016,po.approved,project,PRJ-2026-0016,user,Maddison Price,web,1.0.0,2026-07-11T23:00:00+10:00,success,,,"{""synthetic"": true}"
EVT-00077,CORR-0017,po.sent,project,PRJ-2026-0017,system,n8n-roofops,n8n,1.0.0,2026-07-12T12:00:00+10:00,success,,,"{""synthetic"": true}"
EVT-00078,CORR-0018,supplier.acknowledged,project,PRJ-2026-0018,system,n8n-roofops,n8n,1.0.0,2026-07-13T01:00:00+10:00,success,,,"{""synthetic"": true}"
EVT-00079,CORR-0019,job.scheduled,project,PRJ-2026-0019,user,Lachlan Reed,web,1.0.0,2026-07-13T14:00:00+10:00,success,,,"{""synthetic"": true}"
EVT-00080,CORR-0020,job.started,project,PRJ-2026-0020,system,n8n-roofops,n8n,1.0.0,2026-07-14T03:00:00+10:00,success,,,"{""synthetic"": true}"
EVT-00081,CORR-0021,site.note.created,project,PRJ-2026-0021,system,n8n-roofops,n8n,1.0.0,2026-07-14T16:00:00+10:00,success,,,"{""synthetic"": true}"
EVT-00082,CORR-0022,job.completed,project,PRJ-2026-0022,user,Sophie Carter,web,1.0.0,2026-07-15T05:00:00+10:00,success,,,"{""synthetic"": true}"
EVT-00083,CORR-0023,invoice.drafted,project,PRJ-2026-0023,system,n8n-roofops,n8n,1.0.0,2026-07-15T18:00:00+10:00,success,,,"{""synthetic"": true}"
EVT-00084,CORR-0024,invoice.created,project,PRJ-2026-0024,system,n8n-roofops,n8n,1.0.0,2026-07-16T07:00:00+10:00,success,,,"{""synthetic"": true}"
EVT-00085,CORR-0025,invoice.paid,project,PRJ-2026-0025,user,Aiden Brooks,web,1.0.0,2026-07-16T20:00:00+10:00,success,,,"{""synthetic"": true}"
EVT-00086,CORR-0026,lead.created,project,PRJ-2026-0026,system,n8n-roofops,n8n,1.0.0,2026-07-17T09:00:00+10:00,success,,,"{""synthetic"": true}"
EVT-00087,CORR-0027,inspection.completed,project,PRJ-2026-0027,system,n8n-roofops,n8n,1.0.0,2026-07-17T22:00:00+10:00,success,,,"{""synthetic"": true}"
EVT-00088,CORR-0028,quote.sent,quote,Q-2026-0028,user,Maddison Price,web,1.0.0,2026-07-18T11:00:00+10:00,success,,,"{""synthetic"": true}"
EVT-00089,CORR-0029,quote.accepted,quote,Q-2026-0029,system,n8n-roofops,n8n,1.0.0,2026-07-19T00:00:00+10:00,success,,,"{""synthetic"": true}"
EVT-00090,CORR-0030,project.created,project,PRJ-2026-0030,system,n8n-roofops,n8n,1.0.0,2026-07-19T13:00:00+10:00,success,,,"{""synthetic"": true}"
EVT-00091,CORR-0001,materials.review_requested,project,PRJ-2026-0001,user,Lachlan Reed,web,1.0.0,2026-07-20T02:00:00+10:00,success,,,"{""synthetic"": true}"
EVT-00092,CORR-0002,po.drafted,project,PRJ-2026-0002,system,n8n-roofops,n8n,1.0.0,2026-07-20T15:00:00+10:00,success,,,"{""synthetic"": true}"
EVT-00093,CORR-0003,po.approved,project,PRJ-2026-0003,system,n8n-roofops,n8n,1.0.0,2026-07-21T04:00:00+10:00,success,,,"{""synthetic"": true}"
EVT-00094,CORR-0004,po.sent,project,PRJ-2026-0004,user,Sophie Carter,web,1.0.0,2026-07-21T17:00:00+10:00,success,,,"{""synthetic"": true}"
EVT-00095,CORR-0005,supplier.acknowledged,project,PRJ-2026-0005,system,n8n-roofops,n8n,1.0.0,2026-07-22T06:00:00+10:00,success,,,"{""synthetic"": true}"
EVT-00096,CORR-0006,job.scheduled,project,PRJ-2026-0006,system,n8n-roofops,n8n,1.0.0,2026-07-22T19:00:00+10:00,success,,,"{""synthetic"": true}"
EVT-00097,CORR-0007,job.started,project,PRJ-2026-0007,user,Aiden Brooks,web,1.0.0,2026-07-23T08:00:00+10:00,success,,,"{""synthetic"": true}"
EVT-00098,CORR-0008,site.note.created,project,PRJ-2026-0008,system,n8n-roofops,n8n,1.0.0,2026-07-23T21:00:00+10:00,success,,,"{""synthetic"": true}"
EVT-00099,CORR-0009,job.completed,project,PRJ-2026-0009,system,n8n-roofops,n8n,1.0.0,2026-07-24T10:00:00+10:00,success,,,"{""synthetic"": true}"
EVT-00100,CORR-0010,invoice.drafted,project,PRJ-2026-0010,user,Maddison Price,web,1.0.0,2026-07-24T23:00:00+10:00,success,,,"{""synthetic"": true}"
EVT-DUP-0001,CORR-0011,quote.accepted,quote,Q-2026-0005,system,n8n-roofops,n8n,1.0.0,2026-07-25T12:00:00+10:00,duplicate_blocked,,IdempotencyConflict,"{""synthetic"": true, ""duplicate_of"": ""EVT-00005""}"
EVT-FAIL-0001,CORR-0012,automation.failed,project,PRJ-2026-0016,system,n8n-roofops,n8n,1.0.0,2026-07-26T01:00:00+10:00,failed,,ExternalServiceTimeout,"{""synthetic"": true, ""provider"": ""supplier_api"", ""retryable"": true}"
EVT-00103,CORR-0013,lead.created,project,PRJ-2026-0013,user,Lachlan Reed,web,1.0.0,2026-07-26T14:00:00+10:00,success,,,"{""synthetic"": true}"
EVT-00104,CORR-0014,inspection.completed,project,PRJ-2026-0014,system,n8n-roofops,n8n,1.0.0,2026-07-27T03:00:00+10:00,success,,,"{""synthetic"": true}"
EVT-00105,CORR-0015,quote.sent,quote,Q-2026-0015,system,n8n-roofops,n8n,1.0.0,2026-07-27T16:00:00+10:00,success,,,"{""synthetic"": true}"
EVT-00106,CORR-0016,quote.accepted,quote,Q-2026-0016,user,Sophie Carter,web,1.0.0,2026-07-28T05:00:00+10:00,success,,,"{""synthetic"": true}"
EVT-00107,CORR-0017,project.created,project,PRJ-2026-0017,system,n8n-roofops,n8n,1.0.0,2026-07-28T18:00:00+10:00,success,,,"{""synthetic"": true}"
EVT-00108,CORR-0018,materials.review_requested,project,PRJ-2026-0018,system,n8n-roofops,n8n,1.0.0,2026-07-29T07:00:00+10:00,success,,,"{""synthetic"": true}"
EVT-00109,CORR-0019,po.drafted,project,PRJ-2026-0019,user,Aiden Brooks,web,1.0.0,2026-07-29T20:00:00+10:00,success,,,"{""synthetic"": true}"
EVT-00110,CORR-0020,po.approved,project,PRJ-2026-0020,system,n8n-roofops,n8n,1.0.0,2026-07-30T09:00:00+10:00,success,,,"{""synthetic"": true}"
