project_id,quote_id,customer_id,property_id,project_status,project_manager,planned_start_date,actual_start_date,planned_completion_date,actual_completion_date,schedule_risk,delay_reason,materials_status,compliance_photos_status,drive_folder_status,edge_case_tags
PRJ-2026-0001,Q-2026-0001,CUST-0001,PROP-0001,Completed,Aiden Brooks,2026-06-22,2026-06-23,2026-06-26,2026-06-25,Low,,Ordered,Complete,Created,
PRJ-2026-0002,Q-2026-0002,CUST-0002,PROP-0002,Completed,Sophie Carter,2026-06-12,2026-06-13,2026-06-17,2026-06-17,Low,,Ordered,Complete,Created,
PRJ-2026-0003,Q-2026-0003,CUST-0003,PROP-0003,Completed,Lachlan Reed,2026-05-14,2026-05-13,2026-05-16,2026-05-16,Low,,Ordered,Complete,Created,
PRJ-2026-0004,Q-2026-0004,CUST-0004,PROP-0004,Completed,Maddison Price,2026-05-26,2026-05-25,2026-06-01,2026-06-01,Low,,Ordered,Complete,Created,
PRJ-2026-0005,Q-2026-0005,CUST-0005,PROP-0005,Completed,Aiden Brooks,2026-08-07,2026-08-06,2026-08-10,2026-08-11,Low,,Ordered,Complete,Created,
PRJ-2026-0006,Q-2026-0006,CUST-0006,PROP-0006,Completed,Sophie Carter,2026-04-26,2026-04-27,2026-04-30,2026-05-01,Low,,Ordered,Complete,Created,
PRJ-2026-0007,Q-2026-0007,CUST-0007,PROP-0007,Completed,Lachlan Reed,2026-08-07,2026-08-08,2026-08-13,2026-08-14,Low,,Ordered,Missing,Created,MISSING_COMPLIANCE_PHOTOS
PRJ-2026-0008,Q-2026-0008,CUST-0008,PROP-0008,Completed,Maddison Price,2026-05-12,2026-05-12,2026-05-16,2026-05-16,Low,,Ordered,Complete,Created,
PRJ-2026-0009,Q-2026-0009,CUST-0009,PROP-0009,Planning,Aiden Brooks,2026-10-15,,2026-10-19,,Low,,Not Required Yet,Not Due,Created,
PRJ-2026-0010,Q-2026-0010,CUST-0010,PROP-0010,Materials Pending,Sophie Carter,2026-10-05,,2026-10-12,,Low,,Ordered,Not Due,Created,
PRJ-2026-0011,Q-2026-0011,CUST-0011,PROP-0011,Scheduled,Lachlan Reed,2026-09-27,,2026-10-01,,High,Supplier confirmation outstanding,Awaiting Supplier Confirmation,Not Due,Created,DELAYED_PROJECT;SUPPLIER_ACK_PENDING
PRJ-2026-0012,Q-2026-0012,CUST-0012,PROP-0012,In Progress,Maddison Price,2026-09-25,2026-09-27,2026-10-01,,Low,,Ordered,Not Due,Created,
PRJ-2026-0013,Q-2026-0013,CUST-0013,PROP-0013,Planning,Aiden Brooks,2026-10-06,,2026-10-12,,High,Material ETA is after planned start date,Delivery After Planned Start,Not Due,Created,JOB_BEFORE_MATERIALS
PRJ-2026-0014,Q-2026-0014,CUST-0014,PROP-0014,Materials Pending,Sophie Carter,2026-10-08,,2026-10-13,,Low,,Ordered,Not Due,Created,
PRJ-2026-0015,Q-2026-0015,CUST-0015,PROP-0015,Scheduled,Lachlan Reed,2026-09-26,,2026-10-02,,High,Weather pushed previous job,Ordered,Not Due,Created,DELAYED_PROJECT
PRJ-2026-0016,Q-2026-0016,CUST-0016,PROP-0016,In Progress,Maddison Price,2026-09-26,2026-09-27,2026-10-02,,Low,,Ordered,Not Due,Created,UNRESOLVED_AUTOMATION_EXCEPTION
PRJ-2026-0017,Q-2026-0017,CUST-0017,PROP-0017,Planning,Aiden Brooks,2026-10-19,,2026-10-22,,Low,,Not Required Yet,Not Due,Created,
PRJ-2026-0018,Q-2026-0018,CUST-0018,PROP-0018,Materials Pending,Sophie Carter,2026-10-07,,2026-10-12,,Low,,Awaiting Supplier Confirmation,Not Due,Created,SUPPLIER_ACK_PENDING
PRJ-2026-0019,Q-2026-0019,CUST-0019,PROP-0019,Scheduled,Lachlan Reed,2026-10-01,,2026-10-04,,Low,,Ordered,Not Due,Created,
PRJ-2026-0020,Q-2026-0020,CUST-0020,PROP-0020,In Progress,Maddison Price,2026-09-20,2026-09-20,2026-09-25,,High,Inspection rework required,Ordered,Not Due,Created,DELAYED_PROJECT
PRJ-2026-0021,Q-2026-0021,CUST-0021,PROP-0021,Planning,Aiden Brooks,2026-10-23,,2026-10-28,,Low,,Not Required Yet,Not Due,Created,
PRJ-2026-0022,Q-2026-0022,CUST-0022,PROP-0022,Materials Pending,Sophie Carter,2026-10-11,,2026-10-16,,Low,,Ordered,Not Due,Created,
PRJ-2026-0023,Q-2026-0023,CUST-0023,PROP-0023,Scheduled,Lachlan Reed,2026-10-04,,2026-10-08,,Low,,Ordered,Not Due,Created,
PRJ-2026-0024,Q-2026-0024,CUST-0024,PROP-0024,In Progress,Maddison Price,2026-09-27,2026-09-27,2026-10-02,,Low,,Ordered,Not Due,Created,
PRJ-2026-0025,Q-2026-0025,CUST-0025,PROP-0025,Planning,Aiden Brooks,2026-10-27,,2026-11-02,,Low,,Not Required Yet,Not Due,Created,
PRJ-2026-0026,Q-2026-0026,CUST-0026,PROP-0026,Materials Pending,Sophie Carter,2026-10-14,,2026-10-17,,Low,,Ordered,Not Due,Created,
PRJ-2026-0027,Q-2026-0027,CUST-0027,PROP-0027,Scheduled,Lachlan Reed,2026-10-07,,2026-10-09,,Low,,Ordered,Not Due,Created,
PRJ-2026-0028,Q-2026-0028,CUST-0028,PROP-0028,In Progress,Maddison Price,2026-09-28,2026-09-28,2026-10-01,,Low,,Ordered,Not Due,Created,
PRJ-2026-0029,Q-2026-0029,CUST-0029,PROP-0029,Planning,Aiden Brooks,2026-10-31,,2026-11-05,,Low,,Not Required Yet,Not Due,Created,
PRJ-2026-0030,Q-2026-0030,CUST-0030,PROP-0030,Materials Pending,Sophie Carter,2026-10-17,,2026-10-19,,Low,,Ordered,Not Due,Created,
