exception_id,workflow_name,project_id,event_id,error_class,error_message,attempt_count,created_at,last_attempt_at,resolution_status,resolution_note
EXC-0001,supplier_ingestion,PRJ-2026-0006,EVT-00091,DuplicateEvent,Duplicate webhook delivery,3,2026-09-20T08:00:00+10:00,2026-09-20T09:00:00+10:00,resolved,Synthetic demo exception
EXC-0002,materials_to_po,PRJ-2026-0007,EVT-00092,RateLimit,Airtable-style API returned HTTP 429,2,2026-09-20T17:00:00+10:00,2026-09-20T18:00:00+10:00,resolved,Synthetic demo exception
EXC-0003,materials_to_po,PRJ-2026-0008,EVT-00093,ExternalServiceTimeout,Supplier service timed out,2,2026-09-21T02:00:00+10:00,2026-09-21T03:00:00+10:00,open,Synthetic demo exception
EXC-0004,materials_to_po,PRJ-2026-0009,EVT-00094,ValidationError,Required property measurement missing,3,2026-09-21T11:00:00+10:00,2026-09-21T12:00:00+10:00,resolved,Synthetic demo exception
EXC-0005,supplier_ingestion,PRJ-2026-0010,EVT-00095,AuthFailure,Expired integration token,3,2026-09-21T20:00:00+10:00,2026-09-21T21:00:00+10:00,resolved,Synthetic demo exception
EXC-0006,supplier_ingestion,PRJ-2026-0011,EVT-00096,SchemaMismatch,Supplier payload missing expected field,3,2026-09-22T05:00:00+10:00,2026-09-22T06:00:00+10:00,resolved,Synthetic demo exception
EXC-0007,quote_to_project,PRJ-2026-0012,EVT-00097,AmbiguousWrite,Timeout after external POST; remote state unknown,2,2026-09-22T14:00:00+10:00,2026-09-22T15:00:00+10:00,resolved,Synthetic demo exception
EXC-0008,materials_to_po,PRJ-2026-0013,EVT-00098,InvalidStateTransition,Attempted invoice before project approval,1,2026-09-22T23:00:00+10:00,2026-09-23T00:00:00+10:00,resolved,Synthetic demo exception
EXC-0009,invoice_sync,PRJ-2026-0014,EVT-00099,PermissionDenied,AI requested RED action without approval,3,2026-09-23T08:00:00+10:00,2026-09-23T09:00:00+10:00,resolved,Synthetic demo exception
EXC-0010,invoice_sync,PRJ-2026-0015,EVT-00100,ArithmeticMismatch,Supplier extracted total did not match recalculation,1,2026-09-23T17:00:00+10:00,2026-09-23T18:00:00+10:00,resolved,Synthetic demo exception
EXC-0011,quote_to_project,PRJ-2026-0016,EVT-DUP-0001,MissingDocument,Completion photos not available,1,2026-09-24T02:00:00+10:00,2026-09-24T03:00:00+10:00,resolved,Synthetic demo exception
EXC-0012,quote_to_project,PRJ-2026-0017,EVT-FAIL-0001,ReconciliationMismatch,External invoice status differed from internal state,2,2026-09-24T11:00:00+10:00,2026-09-24T12:00:00+10:00,resolved,Synthetic demo exception
