record_id,customer_id,customer_name,customer_email,customer_phone,customer_type,duplicate_candidate_of,property_id,property_address,suburb,state,postcode,property_type,storeys,quote_id,quote_version,lead_source,estimator,job_type,roof_type,roof_area_sqm,inspection_date,quote_created_date,quote_status,quote_accepted_date,quote_amount_aud,lost_reason,project_id,project_status,project_manager,planned_start_date,planned_completion_date,actual_completion_date,schedule_risk,delay_reason,materials_status,compliance_photos_status,drive_folder_status,po_id,po_status,po_value_aud,supplier_id,supplier_name,supplier_acknowledged,supplier_eta,invoice_id,invoice_status,invoice_amount_aud,invoice_due_date,invoice_paid_date,invoice_count,overdue_invoice_count,total_invoiced_aud,outstanding_invoice_aud,open_exception_count,latest_exception_class,project_event_count,last_event_type,last_event_status,automation_health,edge_case_tags,synthetic_demo_data
OPS-0001,CUST-0001,Oliver Grant,oliver.grant@example.com,0400 000001,Residential,,PROP-0001,11 Coral Gum Drive,Bundaberg West,QLD,4670,Detached House,2,Q-2026-0001,2,Google Ads,Ethan Wright,Leak Repair,Tile,203.0,2026-05-13,2026-05-22,Accepted,2026-06-02,38607.58,,PRJ-2026-0001,Completed,Aiden Brooks,2026-06-22,2026-06-26,2026-06-25,Low,,Ordered,Complete,Created,PO-2026-0001,Sent,12519.89,SUP-001,Coastal Roofing Supplies Demo,No,2026-09-02,INV-2026-0001,Sent,3860.76,2026-10-21,,2,0,7721.52,7721.52,0,,4,materials.review_requested,success,Healthy,,YES
OPS-0002,CUST-0002,Mia Campbell,mia.campbell@example.com,0400 000002,Residential,,PROP-0002,18 Banksia Rise,Bundaberg North,QLD,4670,Detached House,1,Q-2026-0002,2,Organic Search,Chloe Mason,Roof Restoration,Metal,296.6,2026-05-11,2026-05-16,Accepted,2026-05-19,50519.92,,PRJ-2026-0002,Completed,Sophie Carter,2026-06-12,2026-06-17,2026-06-17,Low,,Ordered,Complete,Created,PO-2026-0002,Approved,16705.58,SUP-002,Wide Bay Trade Supplies Demo,No,2026-08-12,INV-2026-0032,Sent,10103.98,2026-09-05,,2,1,35363.94,10103.98,0,,4,po.drafted,success,Healthy,OVERDUE_INVOICE,YES
OPS-0003,CUST-0003,Noah Richards,noah.richards@example.com,0400 000003,Residential,,PROP-0003,25 Pelican View Road,Kalkie,QLD,4670,Detached House,1,Q-2026-0003,2,Referral,Ryan Bell,Roof Restoration,Tile,327.1,2026-04-26,2026-05-01,Accepted,2026-05-07,57380.39,,PRJ-2026-0003,Completed,Lachlan Reed,2026-05-14,2026-05-16,2026-05-16,Low,,Ordered,Complete,Created,PO-2026-0003,Partially Delivered,14993.47,SUP-003,Coral Building Products Demo,Yes,2026-08-21,INV-2026-0003,Paid,5738.04,2026-10-02,2026-09-30,2,0,11476.08,5738.04,0,,3,po.approved,success,Healthy,,YES
OPS-0004,CUST-0004,Ella Thompson,ella.thompson@example.com,0400 000004,Residential,,PROP-0004,32 Paperbark Lane,Ashfield,QLD,4670,Small Commercial,2,Q-2026-0004,1,Facebook,Ethan Wright,Roof Restoration,Zincalume,106.0,2026-04-29,2026-05-06,Accepted,2026-05-12,20949.27,,PRJ-2026-0004,Completed,Maddison Price,2026-05-26,2026-06-01,2026-06-01,Low,,Ordered,Complete,Created,PO-2026-0004,Sent,14402.37,SUP-004,Bundaberg Sheet Metal Demo,No,2026-07-12,INV-2026-0004,Paid,4189.85,2026-07-01,2026-06-30,2,0,6284.78,0.0,0,,3,po.sent,success,Healthy,,YES
OPS-0005,CUST-0005,Jack Walker,jack.walker@example.com,0400 000005,Residential,,PROP-0005,39 Sugar Mill Way,Avenell Heights,QLD,4670,Detached House,2,Q-2026-0005,2,Repeat Customer,Chloe Mason,Leak Repair,Colorbond,256.6,2026-06-27,2026-07-03,Accepted,2026-07-12,44579.78,,PRJ-2026-0005,Completed,Aiden Brooks,2026-08-07,2026-08-10,2026-08-11,Low,,Ordered,Complete,Created,PO-2026-0005,Sent,5251.32,SUP-005,Pacific Fasteners Demo,No,2026-08-07,INV-2026-0005,Paid,4457.98,2026-07-23,2026-07-23,2,0,26747.87,22289.89,0,,4,supplier.acknowledged,success,Healthy,,YES
OPS-0006,CUST-0006,Ava Parker,ava.parker@example.com,0400 000006,Residential,,PROP-0006,46 Bottlebrush Circuit,Bargara,QLD,4670,Detached House,1,Q-2026-0006,1,Builder Referral,Ryan Bell,Extension Roof,Zincalume,154.5,2026-03-31,2026-04-10,Accepted,2026-04-13,25740.6,,PRJ-2026-0006,Completed,Sophie Carter,2026-04-26,2026-04-30,2026-05-01,Low,,Ordered,Complete,Created,PO-2026-0006,Sent,15402.56,SUP-006,Queensland Roof Accessories Demo,No,2026-08-11,INV-2026-0006,Paid,5148.12,2026-06-30,2026-06-24,2,0,30888.72,25740.6,0,,4,job.scheduled,success,Healthy,,YES
OPS-0007,CUST-0007,Henry Hughes,henry.hughes@example.com,0400 000007,Residential,,PROP-0007,53 Riverbend Avenue,Burnett Heads,QLD,4670,Detached House,1,Q-2026-0007,1,Local Signage,Ethan Wright,Storm Damage Repair,Terracotta Tile,323.3,2026-07-25,2026-07-27,Accepted,2026-07-29,63968.13,,PRJ-2026-0007,Completed,Lachlan Reed,2026-08-07,2026-08-13,2026-08-14,Low,,Ordered,Missing,Created,PO-2026-0007,Acknowledged,16942.16,SUP-001,Coastal Roofing Supplies Demo,Yes,2026-09-25,INV-2026-0007,Paid,31984.06,2026-09-15,2026-09-13,2,0,38380.87,0.0,0,,3,job.started,success,Healthy,MISSING_COMPLIANCE_PHOTOS,YES
OPS-0008,CUST-0008,Chloe Bennett,chloe.bennett@example.com,0400 000008,Residential,,PROP-0008,60 Sea Breeze Street,Innes Park,QLD,4670,Detached House,1,Q-2026-0008,1,Website Form,Chloe Mason,Roof Replacement,Terracotta Tile,223.7,2026-03-25,2026-04-04,Accepted,2026-04-16,49739.7,,PRJ-2026-0008,Completed,Maddison Price,2026-05-12,2026-05-16,2026-05-16,Low,,Ordered,Complete,Created,PO-2026-0008,Sent,8423.84,SUP-002,Wide Bay Trade Supplies Demo,No,2026-09-30,INV-2026-0008,Paid,9947.94,2026-08-18,2026-08-18,2,0,59687.64,49739.7,1,ExternalServiceTimeout,3,site.note.created,success,Attention Required,,YES
OPS-0009,CUST-0009,Liam Cooper,liam.cooper@example.com,0400 000009,Residential,,PROP-0009,67 Jacaranda Close,Elliott Heads,QLD,4670,Townhouse,1,Q-2026-0009,2,Google Ads,Ryan Bell,Extension Roof,Colorbond,141.1,2026-05-07,2026-05-15,Accepted,2026-05-27,24081.84,,PRJ-2026-0009,Planning,Aiden Brooks,2026-06-09,2026-06-13,,Low,,Not Required Yet,Not Due,Created,PO-2026-0009,Sent,4750.46,SUP-003,Coral Building Products Demo,No,2026-09-14,INV-2026-0009,Paid,12040.92,2026-06-17,2026-06-17,1,0,12040.92,0.0,0,,4,job.completed,success,Healthy,,YES
OPS-0010,CUST-0010,Grace Reed,grace.reed@example.com,0400 000010,Residential,,PROP-0010,74 Kookaburra Crescent,Branyan,QLD,4670,Detached House,2,Q-2026-0010,1,Organic Search,Ethan Wright,Full Re-roof,Tile,249.2,2026-08-20,2026-08-23,Accepted,2026-08-31,47749.21,,PRJ-2026-0010,Materials Pending,Sophie Carter,2026-09-08,2026-09-15,,Low,,Ordered,Not Due,Created,PO-2026-0010,Acknowledged,11121.57,SUP-004,Bundaberg Sheet Metal Demo,Yes,2026-10-07,INV-2026-0010,Sent,23874.6,2026-10-12,,1,0,23874.6,23874.6,0,,4,invoice.drafted,success,Healthy,SUPPLIER_DELIVERY_DELAY,YES
OPS-0011,CUST-0011,Ethan Morgan,ethan.morgan@example.com,0400 000011,Residential,,PROP-0011,81 Ironbark Court,Bundaberg West,QLD,4670,Detached House,1,Q-2026-0011,2,Referral,Chloe Mason,Extension Roof,Tile,249.7,2026-07-09,2026-07-19,Accepted,2026-07-22,48768.0,,PRJ-2026-0011,Scheduled,Lachlan Reed,2026-08-13,2026-08-17,,High,Supplier confirmation outstanding,Awaiting Supplier Confirmation,Not Due,Created,PO-2026-0011,Sent,12233.28,SUP-005,Pacific Fasteners Demo,No,2026-08-20,INV-2026-0011,Paid,4876.8,2026-06-23,2026-06-19,1,0,4876.8,0.0,0,,2,po.drafted,success,Healthy,DELAYED_PROJECT;SUPPLIER_ACK_PENDING,YES
OPS-0012,CUST-0012,Sophie Bailey,sophie.bailey@example.com,0400 000012,Residential,,PROP-0012,88 Coastal Ridge Drive,Bundaberg North,QLD,4670,Townhouse,1,Q-2026-0012,1,Facebook,Ryan Bell,Extension Roof,Terracotta Tile,123.2,2026-07-05,2026-07-11,Accepted,2026-07-16,27448.76,,PRJ-2026-0012,In Progress,Maddison Price,2026-08-01,2026-08-07,,Low,,Ordered,Not Due,Created,PO-2026-0012,Draft,7454.42,SUP-006,Queensland Roof Accessories Demo,No,2026-07-27,INV-2026-0012,Paid,27448.76,2026-08-15,2026-08-14,1,0,27448.76,0.0,0,,2,po.approved,success,Healthy,,YES
OPS-0013,CUST-0013,Lucas Foster,lucas.foster@example.com,0400 000013,Residential,,PROP-0013,95 Wallum Street,Kalkie,QLD,4670,Detached House,1,Q-2026-0013,1,Repeat Customer,Ethan Wright,Roof Restoration,Metal,262.2,2026-05-08,2026-05-13,Accepted,2026-05-24,44785.6,,PRJ-2026-0013,Planning,Aiden Brooks,2026-06-08,2026-06-14,,High,Material ETA is after planned start date,Delivery After Planned Start,Not Due,Created,PO-2026-0013,Draft,6040.71,SUP-001,Coastal Roofing Supplies Demo,No,2026-08-09,INV-2026-0013,Paid,4478.56,2026-07-24,2026-07-19,1,0,4478.56,0.0,0,,4,lead.created,success,Healthy,JOB_BEFORE_MATERIALS,YES
OPS-0014,CUST-0014,Ruby Murray,ruby.murray@example.com,0400 000014,Residential,,PROP-0014,102 Reef View Parade,Ashfield,QLD,4670,Detached House,1,Q-2026-0014,1,Builder Referral,Chloe Mason,Full Re-roof,Metal,233.4,2026-03-27,2026-04-04,Accepted,2026-04-06,40612.34,,PRJ-2026-0014,Materials Pending,Sophie Carter,2026-04-19,2026-04-24,,Low,,Ordered,Not Due,Created,PO-2026-0014,Draft,6674.96,SUP-002,Wide Bay Trade Supplies Demo,No,2026-07-30,INV-2026-0014,Paid,4061.23,2026-06-25,2026-06-19,1,0,4061.23,0.0,0,,4,inspection.completed,success,Healthy,,YES
OPS-0015,CUST-0015,Charlie Stewart,charlie.stewart@example.com,0400 000015,Residential,,PROP-0015,109 Cane Fields Road,Avenell Heights,QLD,4670,Townhouse,2,Q-2026-0015,1,Local Signage,Ryan Bell,Storm Damage Repair,Terracotta Tile,104.2,2026-05-30,2026-06-06,Accepted,2026-06-12,23604.52,,PRJ-2026-0015,Scheduled,Lachlan Reed,2026-06-22,2026-06-28,,High,Weather pushed previous job,Ordered,Not Due,Created,PO-2026-0015,Partially Delivered,15724.3,SUP-003,Coral Building Products Demo,Yes,2026-07-28,INV-2026-0015,Paid,23604.52,2026-09-01,2026-08-27,1,0,23604.52,0.0,0,,3,po.drafted,success,Healthy,DELAYED_PROJECT,YES
OPS-0016,CUST-0016,Isla Collins,isla.collins@example.com,0400 000016,Residential,,PROP-0016,116 Mango Tree Lane,Bargara,QLD,4670,Townhouse,2,Q-2026-0016,1,Website Form,Ethan Wright,Extension Roof,Metal,334.3,2026-07-21,2026-07-24,Accepted,2026-08-03,56872.26,,PRJ-2026-0016,In Progress,Maddison Price,2026-08-12,2026-08-18,,Low,,Ordered,Not Due,Created,PO-2026-0016,Partially Delivered,10534.79,SUP-004,Bundaberg Sheet Metal Demo,Yes,2026-09-16,INV-2026-0016,Paid,11374.45,2026-09-23,2026-09-23,1,0,11374.45,0.0,0,,4,automation.failed,failed,Healthy,UNRESOLVED_AUTOMATION_EXCEPTION,YES
OPS-0017,CUST-0017,William Turner,william.turner@example.com,0400 000017,Residential,,PROP-0017,123 Lagoon Way,Burnett Heads,QLD,4670,Detached House,1,Q-2026-0017,2,Google Ads,Chloe Mason,Storm Damage Repair,Metal,124.3,2026-05-03,2026-05-06,Accepted,2026-05-17,20526.7,,PRJ-2026-0017,Planning,Aiden Brooks,2026-06-03,2026-06-06,,Low,,Not Required Yet,Not Due,Created,PO-2026-0017,Draft,9305.88,SUP-005,Pacific Fasteners Demo,No,2026-09-21,INV-2026-0017,Paid,2052.67,2026-06-20,2026-06-14,1,0,2052.67,0.0,0,,4,project.created,success,Healthy,,YES
OPS-0018,CUST-0018,Matilda Walsh,matilda.walsh@example.com,0400 000018,Residential,,PROP-0018,130 Turtle Bay Street,Innes Park,QLD,4670,Small Commercial,2,Q-2026-0018,1,Organic Search,Ryan Bell,Full Re-roof,Zincalume,151.1,2026-05-06,2026-05-13,Accepted,2026-05-23,24962.85,,PRJ-2026-0018,Materials Pending,Sophie Carter,2026-06-11,2026-06-16,,Low,,Awaiting Supplier Confirmation,Not Due,Created,PO-2026-0018,Sent,8737.12,SUP-006,Queensland Roof Accessories Demo,No,2026-08-30,INV-2026-0018,Paid,2496.28,2026-06-27,2026-06-21,1,0,2496.28,0.0,0,,4,materials.review_requested,success,Healthy,SUPPLIER_ACK_PENDING,YES
OPS-0019,CUST-0019,Thomas Bryant,thomas.bryant@example.com,0400 000019,Residential,,PROP-0019,137 Sunbird Court,Elliott Heads,QLD,4670,Small Commercial,1,Q-2026-0019,1,Referral,Ethan Wright,Leak Repair,Tile,152.7,2026-05-15,2026-05-17,Accepted,2026-05-29,31277.91,,PRJ-2026-0019,Scheduled,Lachlan Reed,2026-06-13,2026-06-16,,Low,,Ordered,Not Due,Created,PO-2026-0019,Draft,12966.32,SUP-001,Coastal Roofing Supplies Demo,No,2026-09-18,INV-2026-0019,Paid,3127.79,2026-08-14,2026-08-12,1,0,3127.79,0.0,0,,4,po.drafted,success,Healthy,,YES
OPS-0020,CUST-0020,Zoe Dawson,zoe.dawson@example.com,0400 000020,Residential,,PROP-0020,144 Wattlebird Avenue,Branyan,QLD,4670,Small Commercial,1,Q-2026-0020,1,Facebook,Chloe Mason,Extension Roof,Tile,102.8,2026-04-29,2026-05-06,Accepted,2026-05-10,23201.13,,PRJ-2026-0020,In Progress,Maddison Price,2026-06-07,2026-06-12,,High,Inspection rework required,Ordered,Not Due,Created,PO-2026-0020,Partially Delivered,11693.13,SUP-002,Wide Bay Trade Supplies Demo,Yes,2026-08-10,INV-2026-0020,Sent,11600.57,2026-10-03,,1,0,11600.57,11600.57,0,,3,po.approved,success,Healthy,DELAYED_PROJECT,YES
OPS-0021,CUST-0021,James Miller,james.miller@example.com,0400 000021,Residential,,PROP-0021,151 Coral Gum Drive,Bundaberg West,QLD,4670,Detached House,1,Q-2026-0021,1,Repeat Customer,Ryan Bell,Leak Repair,Tile,357.6,2026-06-01,2026-06-05,Accepted,2026-06-06,65280.9,,PRJ-2026-0021,Planning,Aiden Brooks,2026-06-21,2026-06-26,,Low,,Not Required Yet,Not Due,Created,PO-2026-0021,Delivered,11959.85,SUP-003,Coral Building Products Demo,Yes,2026-09-01,INV-2026-0021,Paid,13056.18,2026-06-17,2026-06-13,1,0,13056.18,0.0,0,,2,site.note.created,success,Healthy,,YES
OPS-0022,CUST-0022,Amelia Brooks,amelia.brooks@example.com,0400 000022,Residential,,PROP-0022,158 Banksia Rise,Bundaberg North,QLD,4670,Townhouse,1,Q-2026-0022,2,Builder Referral,Ethan Wright,Roof Restoration,Colorbond,278.6,2026-04-09,2026-04-19,Accepted,2026-04-28,43712.84,,PRJ-2026-0022,Materials Pending,Sophie Carter,2026-05-16,2026-05-21,,Low,,Ordered,Not Due,Created,PO-2026-0022,Draft,1633.83,SUP-004,Bundaberg Sheet Metal Demo,No,2026-09-30,INV-2026-0022,Paid,43712.84,2026-06-28,2026-06-22,1,0,43712.84,0.0,0,,3,job.completed,success,Healthy,,YES
OPS-0023,CUST-0023,Leo Hayes,leo.hayes@example.com,0400 000023,Residential,,PROP-0023,165 Pelican View Road,Kalkie,QLD,4670,Townhouse,2,Q-2026-0023,1,Local Signage,Chloe Mason,Full Re-roof,Tile,134.3,2026-05-23,2026-05-26,Accepted,2026-05-28,26791.1,,PRJ-2026-0023,Scheduled,Lachlan Reed,2026-06-08,2026-06-12,,Low,,Ordered,Not Due,Created,PO-2026-0023,Sent,11934.97,SUP-005,Pacific Fasteners Demo,No,2026-08-10,INV-2026-0023,Paid,5358.22,2026-06-16,2026-06-13,1,0,5358.22,0.0,0,,3,invoice.drafted,success,Healthy,,YES
OPS-0024,CUST-0024,Evie Kelly,evie.kelly@example.com,0400 000024,Residential,,PROP-0024,172 Paperbark Lane,Ashfield,QLD,4670,Detached House,2,Q-2026-0024,1,Website Form,Ryan Bell,Storm Damage Repair,Colorbond,182.4,2026-09-04,2026-09-11,Accepted,2026-09-15,29516.53,,PRJ-2026-0024,In Progress,Maddison Price,2026-09-27,2026-10-02,,Low,,Ordered,Not Due,Created,PO-2026-0024,Delivered,5016.01,SUP-006,Queensland Roof Accessories Demo,Yes,2026-09-22,INV-2026-0024,Paid,14758.26,2026-07-14,2026-07-08,1,0,14758.26,0.0,0,,2,invoice.created,success,Healthy,,YES
OPS-0025,CUST-0025,Oscar Wright,oscar.wright@example.com,0400 000025,Residential,,PROP-0025,179 Sugar Mill Way,Avenell Heights,QLD,4670,Detached House,1,Q-2026-0025,2,Google Ads,Ethan Wright,Leak Repair,Metal,192.1,2026-06-21,2026-06-27,Accepted,2026-07-05,35186.69,,PRJ-2026-0025,Planning,Aiden Brooks,2026-07-23,2026-07-29,,Low,,Not Required Yet,Not Due,Created,PO-2026-0025,Approved,9025.87,SUP-001,Coastal Roofing Supplies Demo,No,2026-07-14,INV-2026-0025,Sent,3518.67,2026-09-08,,1,1,3518.67,3518.67,0,,2,invoice.paid,success,Healthy,OVERDUE_INVOICE,YES
OPS-0026,CUST-0026,Charlotte Lawson,charlotte.lawson@example.com,0400 000026,Residential,,PROP-0026,186 Bottlebrush Circuit,Bargara,QLD,4670,Townhouse,1,Q-2026-0026,1,Organic Search,Chloe Mason,Roof Restoration,Colorbond,129.7,2026-05-03,2026-05-10,Accepted,2026-05-12,24885.69,,PRJ-2026-0026,Materials Pending,Sophie Carter,2026-05-20,2026-05-23,,Low,,Ordered,Not Due,Created,PO-2026-0026,Sent,3979.38,SUP-002,Wide Bay Trade Supplies Demo,No,2026-07-18,INV-2026-0026,Paid,2488.57,2026-07-06,2026-07-01,1,0,2488.57,0.0,0,,3,lead.created,success,Healthy,,YES
OPS-0027,CUST-0027,Harrison Carter,harrison.carter@example.com,0400 000027,Residential,,PROP-0027,193 Riverbend Avenue,Burnett Heads,QLD,4670,Detached House,1,Q-2026-0027,2,Referral,Ryan Bell,Full Re-roof,Metal,348.6,2026-06-11,2026-06-14,Accepted,2026-06-25,55571.69,,PRJ-2026-0027,Scheduled,Lachlan Reed,2026-07-18,2026-07-20,,Low,,Ordered,Not Due,Created,PO-2026-0027,Partially Delivered,8206.8,SUP-003,Coral Building Products Demo,Yes,2026-09-28,INV-2026-0027,Paid,27785.85,2026-07-27,2026-07-27,1,0,27785.85,0.0,0,,3,inspection.completed,success,Healthy,,YES
OPS-0028,CUST-0028,Lucy Evans,lucy.evans@example.com,0400 000028,Residential,,PROP-0028,12 Sea Breeze Street,Innes Park,QLD,4670,Detached House,1,Q-2026-0028,1,Facebook,Ethan Wright,Roof Restoration,Metal,273.8,2026-07-13,2026-07-14,Accepted,2026-07-22,46674.16,,PRJ-2026-0028,In Progress,Maddison Price,2026-08-14,2026-08-17,,Low,,Ordered,Not Due,Created,PO-2026-0028,Sent,15099.89,SUP-004,Bundaberg Sheet Metal Demo,No,2026-09-19,INV-2026-0028,Sent,9334.83,2026-10-05,,1,0,9334.83,9334.83,0,,2,po.drafted,success,Healthy,,YES
OPS-0029,CUST-0029,Archie Scott,archie.scott@example.com,0400 000029,Residential,,PROP-0029,19 Jacaranda Close,Elliott Heads,QLD,4670,Small Commercial,1,Q-2026-0029,2,Repeat Customer,Chloe Mason,Extension Roof,Metal,328.6,2026-06-27,2026-07-03,Accepted,2026-07-11,59076.38,,PRJ-2026-0029,Planning,Aiden Brooks,2026-08-06,2026-08-11,,Low,,Not Required Yet,Not Due,Created,PO-2026-0029,Partially Delivered,6397.5,SUP-005,Pacific Fasteners Demo,Yes,2026-09-29,INV-2026-0029,Paid,5907.64,2026-09-10,2026-09-08,1,0,5907.64,0.0,0,,2,po.approved,success,Healthy,,YES
OPS-0030,CUST-0030,Emily Ward,emily.ward@example.com,0400 000030,Residential,,PROP-0030,26 Kookaburra Crescent,Branyan,QLD,4670,Townhouse,2,Q-2026-0030,1,Builder Referral,Ryan Bell,Storm Damage Repair,Zincalume,171.4,2026-04-21,2026-04-25,Accepted,2026-05-01,28517.53,,PRJ-2026-0030,Materials Pending,Sophie Carter,2026-05-22,2026-05-24,,Low,,Ordered,Not Due,Created,PO-2026-0030,Approved,16099.04,SUP-006,Queensland Roof Accessories Demo,No,2026-08-09,INV-2026-0030,Paid,28517.53,2026-09-17,2026-09-12,1,0,28517.53,0.0,0,,3,project.created,success,Healthy,,YES
OPS-0031,CUST-0031,Max Morris,max.morris@example.com,0400 000031,Residential,,PROP-0031,33 Ironbark Court,Bundaberg West,QLD,4670,Small Commercial,1,Q-2026-0031,2,Local Signage,Ethan Wright,Full Re-roof,Zincalume,346.1,2026-07-22,2026-07-26,Accepted,2026-08-07,56997.62,,,,,,,,,,,,,,,,,,,,,,,,,0,0,0,0,0,,0,,,No Project Created,ACCEPTED_QUOTE_PROJECT_CREATION_FAILED,YES
OPS-0032,CUST-0032,Hannah Price,hannah.price@example.com,0400 000032,Residential,,PROP-0032,40 Coastal Ridge Drive,Bundaberg North,QLD,4670,Detached House,1,Q-2026-0032,1,Website Form,Chloe Mason,Roof Restoration,Terracotta Tile,117.8,2026-04-04,2026-04-14,Sent,,26213.8,,,,,,,,,,,,,,,,,,,,,,,,,0,0,0,0,0,,0,,,Healthy,,YES
OPS-0033,CUST-0033,Samuel Bell,samuel.bell@example.com,0400 000033,Residential,,PROP-0033,47 Wallum Street,Kalkie,QLD,4670,Detached House,1,Q-2026-0033,1,Google Ads,Ryan Bell,Leak Repair,Colorbond,342.0,2026-06-09,2026-06-13,Draft,,57679.83,,,,,,,,,,,,,,,,,,,,,,,,,0,0,0,0,0,,0,,,Healthy,,YES
OPS-0034,CUST-0034,Lily Gray,lily.gray@example.com,0400 000034,Residential,,PROP-0034,54 Reef View Parade,Ashfield,QLD,4670,Small Commercial,1,Q-2026-0034,2,Organic Search,Ethan Wright,Roof Restoration,Terracotta Tile,215.6,2026-08-17,2026-08-19,Sent,,48756.52,,,,,,,,,,,,,,,,,,,,,,,,,0,0,0,0,0,,0,,,Healthy,,YES
OPS-0035,CUST-0035,George Cook,george.cook@example.com,0400 000035,Commercial,,PROP-0035,61 Cane Fields Road,Avenell Heights,QLD,4670,Townhouse,2,Q-2026-0035,1,Referral,Chloe Mason,Roof Replacement,Zincalume,334.3,2026-08-16,2026-08-19,Lost,,55161.96,Competitor,,,,,,,,,,,,,,,,,,,,,,,,0,0,0,0,0,,0,,,Healthy,,YES
OPS-0036,CUST-0036,Harper Russell,harper.russell@example.com,0400 000036,Commercial,,PROP-0036,68 Mango Tree Lane,Bargara,QLD,4670,Detached House,1,Q-2026-0036,1,Facebook,Ryan Bell,Leak Repair,Zincalume,165.2,2026-07-08,2026-07-10,Sent,,29289.12,,,,,,,,,,,,,,,,,,,,,,,,,0,0,0,0,0,,0,,,Healthy,,YES
OPS-0037,CUST-0037,Finn Butler,finn.butler@example.com,0400 000037,Commercial,,PROP-0037,75 Lagoon Way,Burnett Heads,QLD,4670,Small Commercial,1,Q-2026-0037,1,Repeat Customer,Ethan Wright,Full Re-roof,Tile,323.4,2026-08-07,2026-08-15,Lost,,62617.8,Competitor,,,,,,,,,,,,,,,,,,,,,,,,0,0,0,0,0,,0,,,Healthy,,YES
OPS-0038,CUST-0038,Sienna Webb,sienna.webb@example.com,0400 000038,Commercial,,PROP-0038,82 Turtle Bay Street,Innes Park,QLD,4670,Detached House,1,Q-2026-0038,1,Builder Referral,Chloe Mason,Storm Damage Repair,Metal,132.8,2026-05-29,2026-06-04,Draft,,25795.08,,,,,,,,,,,,,,,,,,,,,,,,,0,0,0,0,0,,0,,,Healthy,,YES
OPS-0039,CUST-0039,Alexander Fisher,alexander.fisher@example.com,0400 000039,Commercial,,PROP-0039,89 Sunbird Court,Elliott Heads,QLD,4670,Small Commercial,1,Q-2026-0039,2,Local Signage,Ryan Bell,Storm Damage Repair,Colorbond,219.9,2026-06-23,2026-06-29,Draft,,35176.51,,,,,,,,,,,,,,,,,,,,,,,,,0,0,0,0,0,,0,,,Healthy,,YES
OPS-0040,CUST-0040,Chloe Bennett,alt.chloe.bennett@example.com,0400 000008,Commercial,CUST-0008,PROP-0040,96 Wattlebird Avenue,Branyan,QLD,4670,Small Commercial,1,Q-2026-0040,1,Website Form,Ethan Wright,Roof Restoration,Metal,250.5,2026-03-22,2026-04-01,Expired,,44392.67,,,,,,,,,,,,,,,,,,,,,,,,,0,0,0,0,0,,0,,,Healthy,DUPLICATE_CUSTOMER_CANDIDATE,YES
OPS-0041,CUST-0001,Oliver Grant,oliver.grant@example.com,0400 000001,Residential,,PROP-0041,103 Coral Gum Drive,Bundaberg West,QLD,4670,Detached House,2,Q-2026-0041,1,Google Ads,Chloe Mason,Extension Roof,Tile,310.3,2026-08-28,2026-09-05,Sent,,55437.0,,,,,,,,,,,,,,,,,,,,,,,,,0,0,0,0,0,,0,,,Healthy,,YES
OPS-0042,CUST-0002,Mia Campbell,mia.campbell@example.com,0400 000002,Residential,,PROP-0042,110 Banksia Rise,Bundaberg North,QLD,4670,Detached House,1,Q-2026-0042,1,Organic Search,Ryan Bell,Storm Damage Repair,Colorbond,135.4,2026-06-22,2026-06-27,Lost,,25273.13,Customer deferred,,,,,,,,,,,,,,,,,,,,,,,,0,0,0,0,0,,0,,,Healthy,,YES
OPS-0043,CUST-0003,Noah Richards,noah.richards@example.com,0400 000003,Residential,,PROP-0043,117 Pelican View Road,Kalkie,QLD,4670,Townhouse,2,Q-2026-0043,1,Referral,Ethan Wright,Full Re-roof,Metal,166.0,2026-05-30,2026-06-08,Expired,,27480.63,,,,,,,,,,,,,,,,,,,,,,,,,0,0,0,0,0,,0,,,Healthy,,YES
OPS-0044,CUST-0004,Ella Thompson,ella.thompson@example.com,0400 000004,Residential,,PROP-0044,124 Paperbark Lane,Ashfield,QLD,4670,Detached House,1,Q-2026-0044,1,Facebook,Chloe Mason,Roof Replacement,Colorbond,102.4,2026-07-19,2026-07-26,Sent,,17399.9,,,,,,,,,,,,,,,,,,,,,,,,,0,0,0,0,0,,0,,,Healthy,,YES
OPS-0045,CUST-0005,Jack Walker,jack.walker@example.com,0400 000005,Residential,,PROP-0045,131 Sugar Mill Way,Avenell Heights,QLD,4670,Detached House,2,Q-2026-0045,1,Repeat Customer,Ryan Bell,Roof Restoration,Tile,274.2,2026-07-05,2026-07-08,Lost,,49430.83,Timing,,,,,,,,,,,,,,,,,,,,,,,,0,0,0,0,0,,0,,,Healthy,,YES
OPS-0046,CUST-0006,Ava Parker,ava.parker@example.com,0400 000006,Residential,,PROP-0046,138 Bottlebrush Circuit,Bargara,QLD,4670,Detached House,1,Q-2026-0046,1,Builder Referral,Ethan Wright,Extension Roof,Terracotta Tile,246.3,2026-08-02,2026-08-03,Draft,,54438.47,,,,,,,,,,,,,,,,,,,,,,,,,0,0,0,0,0,,0,,,Healthy,,YES
OPS-0047,CUST-0007,Henry Hughes,henry.hughes@example.com,0400 000007,Residential,,PROP-0047,145 Riverbend Avenue,Burnett Heads,QLD,4670,Small Commercial,2,Q-2026-0047,2,Local Signage,Chloe Mason,Roof Replacement,Tile,297.5,2026-06-27,2026-07-02,Lost,,58231.92,Customer deferred,,,,,,,,,,,,,,,,,,,,,,,,0,0,0,0,0,,0,,,Healthy,,YES
OPS-0048,CUST-0008,Chloe Bennett,chloe.bennett@example.com,0400 000008,Residential,,PROP-0048,152 Sea Breeze Street,Innes Park,QLD,4670,Detached House,1,Q-2026-0048,1,Website Form,Ryan Bell,Leak Repair,Colorbond,120.9,2026-08-30,2026-09-08,Sent,,21118.17,,,,,,,,,,,,,,,,,,,,,,,,,0,0,0,0,0,,0,,,Healthy,,YES
OPS-0049,CUST-0009,Liam Cooper,liam.cooper@example.com,0400 000009,Residential,,PROP-0049,159 Jacaranda Close,Elliott Heads,QLD,4670,Small Commercial,2,Q-2026-0049,1,Google Ads,Ethan Wright,Full Re-roof,Tile,296.5,2026-04-30,2026-05-09,Lost,,56100.79,Competitor,,,,,,,,,,,,,,,,,,,,,,,,0,0,0,0,0,,0,,,Healthy,,YES
OPS-0050,CUST-0010,Grace Reed,grace.reed@example.com,0400 000010,Residential,,PROP-0050,166 Kookaburra Crescent,Branyan,QLD,4670,Detached House,1,Q-2026-0050,1,Organic Search,Chloe Mason,Storm Damage Repair,Zincalume,295.2,2026-06-10,2026-06-20,Sent,,49180.7,,,,,,,,,,,,,,,,,,,,,,,,,0,0,0,0,0,,0,,,Healthy,,YES
OPS-0051,CUST-0011,Ethan Morgan,ethan.morgan@example.com,0400 000011,Residential,,PROP-0051,173 Ironbark Court,Bundaberg West,QLD,4670,Detached House,1,Q-2026-0051,2,Referral,Ryan Bell,Storm Damage Repair,Metal,,2026-05-14,2026-05-23,Sent,,20937.87,,,,,,,,,,,,,,,,,,,,,,,,,0,0,0,0,0,,0,,,Healthy,MISSING_INSPECTION_MEASUREMENT,YES
OPS-0052,CUST-0012,Sophie Bailey,sophie.bailey@example.com,0400 000012,Residential,,PROP-0052,180 Coastal Ridge Drive,Bundaberg North,QLD,4670,Townhouse,1,Q-2026-0052,1,Facebook,Ethan Wright,Roof Replacement,Tile,232.3,2026-07-13,2026-07-22,Sent,,49794.56,,,,,,,,,,,,,,,,,,,,,,,,,0,0,0,0,0,,0,,,Healthy,,YES
OPS-0053,CUST-0001,Oliver Grant,oliver.grant@example.com,0400 000001,Residential,,PROP-0001,11 Coral Gum Drive,Bundaberg West,QLD,4670,Detached House,2,Q-2026-0053,1,Repeat Customer,Chloe Mason,Leak Repair,Metal,278.5,2026-07-29,2026-08-06,Lost,,47639.28,Competitor,,,,,,,,,,,,,,,,,,,,,,,,0,0,0,0,0,,0,,,Healthy,,YES
OPS-0054,CUST-0002,Mia Campbell,mia.campbell@example.com,0400 000002,Residential,,PROP-0002,18 Banksia Rise,Bundaberg North,QLD,4670,Detached House,1,Q-2026-0054,1,Builder Referral,Ryan Bell,Storm Damage Repair,Zincalume,183.5,2026-09-02,2026-09-10,Sent,,32304.54,,,,,,,,,,,,,,,,,,,,,,,,,0,0,0,0,0,,0,,,Healthy,,YES
OPS-0055,CUST-0003,Noah Richards,noah.richards@example.com,0400 000003,Residential,,PROP-0003,25 Pelican View Road,Kalkie,QLD,4670,Detached House,1,Q-2026-0055,1,Local Signage,Ethan Wright,Roof Restoration,Zincalume,353.0,2026-08-15,2026-08-23,Lost,,53278.95,Competitor,,,,,,,,,,,,,,,,,,,,,,,,0,0,0,0,0,,0,,,Healthy,,YES
OPS-0056,CUST-0004,Ella Thompson,ella.thompson@example.com,0400 000004,Residential,,PROP-0004,32 Paperbark Lane,Ashfield,QLD,4670,Small Commercial,2,Q-2026-0056,1,Website Form,Chloe Mason,Storm Damage Repair,Colorbond,109.0,2026-09-06,2026-09-07,Lost,,19876.82,Competitor,,,,,,,,,,,,,,,,,,,,,,,,0,0,0,0,0,,0,,,Healthy,,YES
OPS-0057,CUST-0005,Jack Walker,jack.walker@example.com,0400 000005,Residential,,PROP-0005,39 Sugar Mill Way,Avenell Heights,QLD,4670,Detached House,2,Q-2026-0057,2,Google Ads,Ryan Bell,Roof Replacement,Zincalume,288.3,2026-08-02,2026-08-07,Lost,,46611.09,Competitor,,,,,,,,,,,,,,,,,,,,,,,,0,0,0,0,0,,0,,,Healthy,,YES
OPS-0058,CUST-0006,Ava Parker,ava.parker@example.com,0400 000006,Residential,,PROP-0006,46 Bottlebrush Circuit,Bargara,QLD,4670,Detached House,1,Q-2026-0058,1,Organic Search,Ethan Wright,Roof Replacement,Colorbond,182.9,2026-05-08,2026-05-10,Sent,,29123.68,,,,,,,,,,,,,,,,,,,,,,,,,0,0,0,0,0,,0,,,Healthy,,YES
OPS-0059,CUST-0007,Henry Hughes,henry.hughes@example.com,0400 000007,Residential,,PROP-0007,53 Riverbend Avenue,Burnett Heads,QLD,4670,Detached House,1,Q-2026-0059,2,Referral,Chloe Mason,Storm Damage Repair,Colorbond,235.9,2026-08-02,2026-08-08,Lost,,40962.26,Competitor,,,,,,,,,,,,,,,,,,,,,,,,0,0,0,0,0,,0,,,Healthy,,YES
OPS-0060,CUST-0008,Chloe Bennett,chloe.bennett@example.com,0400 000008,Residential,,PROP-0008,60 Sea Breeze Street,Innes Park,QLD,4670,Detached House,1,Q-2026-0060,1,Facebook,Ryan Bell,Full Re-roof,Terracotta Tile,328.7,2026-07-31,2026-08-02,Lost,,68749.54,Competitor,,,,,,,,,,,,,,,,,,,,,,,,0,0,0,0,0,,0,,,Healthy,,YES
OPS-0061,CUST-0009,Liam Cooper,liam.cooper@example.com,0400 000009,Residential,,PROP-0009,67 Jacaranda Close,Elliott Heads,QLD,4670,Townhouse,1,Q-2026-0061,2,Repeat Customer,Ethan Wright,Roof Restoration,Colorbond,326.8,2026-09-08,2026-09-13,Lost,,56182.12,Competitor,,,,,,,,,,,,,,,,,,,,,,,,0,0,0,0,0,,0,,,Healthy,,YES
OPS-0062,CUST-0010,Grace Reed,grace.reed@example.com,0400 000010,Residential,,PROP-0010,74 Kookaburra Crescent,Branyan,QLD,4670,Detached House,2,Q-2026-0062,2,Builder Referral,Chloe Mason,Extension Roof,Terracotta Tile,263.5,2026-05-23,2026-05-31,Expired,,56068.09,,,,,,,,,,,,,,,,,,,,,,,,,0,0,0,0,0,,0,,,Healthy,,YES
OPS-0063,CUST-0011,Ethan Morgan,ethan.morgan@example.com,0400 000011,Residential,,PROP-0011,81 Ironbark Court,Bundaberg West,QLD,4670,Detached House,1,Q-2026-0063,2,Local Signage,Ryan Bell,Roof Restoration,Zincalume,238.1,2026-05-18,2026-05-22,Lost,,38256.7,Competitor,,,,,,,,,,,,,,,,,,,,,,,,0,0,0,0,0,,0,,,Healthy,,YES
OPS-0064,CUST-0012,Sophie Bailey,sophie.bailey@example.com,0400 000012,Residential,,PROP-0012,88 Coastal Ridge Drive,Bundaberg North,QLD,4670,Townhouse,1,Q-2026-0064,1,Website Form,Ethan Wright,Storm Damage Repair,Zincalume,119.6,2026-04-29,2026-05-06,Sent,,18167.61,,,,,,,,,,,,,,,,,,,,,,,,,0,0,0,0,0,,0,,,Healthy,,YES
OPS-0065,CUST-0013,Lucas Foster,lucas.foster@example.com,0400 000013,Residential,,PROP-0013,95 Wallum Street,Kalkie,QLD,4670,Detached House,1,Q-2026-0065,1,Google Ads,Chloe Mason,Roof Replacement,Zincalume,233.8,2026-08-22,2026-09-01,Draft,,39205.73,,,,,,,,,,,,,,,,,,,,,,,,,0,0,0,0,0,,0,,,Healthy,,YES
