customer_id,customer_name,email,phone,customer_type,created_date,preferred_contact,duplicate_candidate_of
CUST-0001,Oliver Grant,oliver.grant@example.com,0400 000001,Residential,2025-02-13,Phone,
CUST-0002,Mia Campbell,mia.campbell@example.com,0400 000002,Residential,2026-07-28,Email,
CUST-0003,Noah Richards,noah.richards@example.com,0400 000003,Residential,2026-05-25,Phone,
CUST-0004,Ella Thompson,ella.thompson@example.com,0400 000004,Residential,2025-09-03,SMS,
CUST-0005,Jack Walker,jack.walker@example.com,0400 000005,Residential,2026-02-10,SMS,
CUST-0006,Ava Parker,ava.parker@example.com,0400 000006,Residential,2025-09-20,SMS,
CUST-0007,Henry Hughes,henry.hughes@example.com,0400 000007,Residential,2026-07-28,Phone,
CUST-0008,Chloe Bennett,chloe.bennett@example.com,0400 000008,Residential,2026-07-31,Phone,
CUST-0009,Liam Cooper,liam.cooper@example.com,0400 000009,Residential,2025-07-14,SMS,
CUST-0010,Grace Reed,grace.reed@example.com,0400 000010,Residential,2025-01-17,SMS,
CUST-0011,Ethan Morgan,ethan.morgan@example.com,0400 000011,Residential,2025-03-07,Email,
CUST-0012,Sophie Bailey,sophie.bailey@example.com,0400 000012,Residential,2026-07-01,Email,
CUST-0013,Lucas Foster,lucas.foster@example.com,0400 000013,Residential,2025-11-26,SMS,
CUST-0014,Ruby Murray,ruby.murray@example.com,0400 000014,Residential,2026-08-04,Email,
CUST-0015,Charlie Stewart,charlie.stewart@example.com,0400 000015,Residential,2025-04-24,SMS,
CUST-0016,Isla Collins,isla.collins@example.com,0400 000016,Residential,2025-01-04,Phone,
CUST-0017,William Turner,william.turner@example.com,0400 000017,Residential,2025-09-20,Email,
CUST-0018,Matilda Walsh,matilda.walsh@example.com,0400 000018,Residential,2024-11-29,Email,
CUST-0019,Thomas Bryant,thomas.bryant@example.com,0400 000019,Residential,2026-02-27,Email,
CUST-0020,Zoe Dawson,zoe.dawson@example.com,0400 000020,Residential,2026-05-18,Email,
CUST-0021,James Miller,james.miller@example.com,0400 000021,Residential,2026-03-11,SMS,
CUST-0022,Amelia Brooks,amelia.brooks@example.com,0400 000022,Residential,2025-08-30,Phone,
CUST-0023,Leo Hayes,leo.hayes@example.com,0400 000023,Residential,2025-06-20,Email,
CUST-0024,Evie Kelly,evie.kelly@example.com,0400 000024,Residential,2026-08-20,SMS,
CUST-0025,Oscar Wright,oscar.wright@example.com,0400 000025,Residential,2025-09-07,SMS,
CUST-0026,Charlotte Lawson,charlotte.lawson@example.com,0400 000026,Residential,2025-01-01,SMS,
CUST-0027,Harrison Carter,harrison.carter@example.com,0400 000027,Residential,2026-07-12,Email,
CUST-0028,Lucy Evans,lucy.evans@example.com,0400 000028,Residential,2025-01-27,Email,
CUST-0029,Archie Scott,archie.scott@example.com,0400 000029,Residential,2026-08-29,SMS,
CUST-0030,Emily Ward,emily.ward@example.com,0400 000030,Residential,2025-04-27,SMS,
CUST-0031,Max Morris,max.morris@example.com,0400 000031,Residential,2025-01-26,Phone,
CUST-0032,Hannah Price,hannah.price@example.com,0400 000032,Residential,2025-06-16,Email,
CUST-0033,Samuel Bell,samuel.bell@example.com,0400 000033,Residential,2024-11-15,Email,
CUST-0034,Lily Gray,lily.gray@example.com,0400 000034,Residential,2025-08-24,Phone,
CUST-0035,George Cook,george.cook@example.com,0400 000035,Commercial,2026-03-09,SMS,
CUST-0036,Harper Russell,harper.russell@example.com,0400 000036,Commercial,2026-04-20,Email,
CUST-0037,Finn Butler,finn.butler@example.com,0400 000037,Commercial,2026-06-26,SMS,
CUST-0038,Sienna Webb,sienna.webb@example.com,0400 000038,Commercial,2025-03-21,SMS,
CUST-0039,Alexander Fisher,alexander.fisher@example.com,0400 000039,Commercial,2025-08-30,Phone,
CUST-0040,Chloe Bennett ,alt.chloe.bennett@example.com,0400 000008,Commercial,2026-05-13,Email,CUST-0008
