document_id,project_id,document_type,file_name,storage_provider,storage_path,uploaded_at,review_status
DOC-0001,PRJ-2026-0001,Inspection Photos,PRJ-2026-0001_inspection_photos_1.pdf,Mock Drive,/RoofOps Demo/PRJ-2026-0001/Inspection Photos/,2026-07-05T09:00:00+10:00,Needs Review
DOC-0002,PRJ-2026-0002,Roof Plan,PRJ-2026-0002_roof_plan_2.pdf,Mock Drive,/RoofOps Demo/PRJ-2026-0002/Roof Plan/,2026-07-06T09:00:00+10:00,Approved
DOC-0003,PRJ-2026-0003,Customer Quote,PRJ-2026-0003_customer_quote_3.pdf,Mock Drive,/RoofOps Demo/PRJ-2026-0003/Customer Quote/,2026-07-07T09:00:00+10:00,Approved
DOC-0004,PRJ-2026-0004,Signed Acceptance,PRJ-2026-0004_signed_acceptance_4.pdf,Mock Drive,/RoofOps Demo/PRJ-2026-0004/Signed Acceptance/,2026-07-08T09:00:00+10:00,Approved
DOC-0005,PRJ-2026-0005,Supplier Quote,PRJ-2026-0005_supplier_quote_5.pdf,Mock Drive,/RoofOps Demo/PRJ-2026-0005/Supplier Quote/,2026-07-09T09:00:00+10:00,Approved
DOC-0006,PRJ-2026-0006,Purchase Order,PRJ-2026-0006_purchase_order_6.pdf,Mock Drive,/RoofOps Demo/PRJ-2026-0006/Purchase Order/,2026-07-10T09:00:00+10:00,Approved
DOC-0007,PRJ-2026-0007,Progress Photos,PRJ-2026-0007_progress_photos_7.pdf,Mock Drive,/RoofOps Demo/PRJ-2026-0007/Progress Photos/,2026-07-11T09:00:00+10:00,Approved
DOC-0008,PRJ-2026-0008,Completion Photos,PRJ-2026-0008_completion_photos_8.pdf,Mock Drive,/RoofOps Demo/PRJ-2026-0008/Completion Photos/,2026-07-12T09:00:00+10:00,Approved
DOC-0009,PRJ-2026-0009,Warranty Pack,PRJ-2026-0009_warranty_pack_9.pdf,Mock Drive,/RoofOps Demo/PRJ-2026-0009/Warranty Pack/,2026-07-13T09:00:00+10:00,Approved
DOC-0010,PRJ-2026-0010,Invoice PDF,PRJ-2026-0010_invoice_pdf_10.pdf,Mock Drive,/RoofOps Demo/PRJ-2026-0010/Invoice PDF/,2026-07-14T09:00:00+10:00,Approved
DOC-0011,PRJ-2026-0011,Inspection Photos,PRJ-2026-0011_inspection_photos_11.pdf,Mock Drive,/RoofOps Demo/PRJ-2026-0011/Inspection Photos/,2026-07-15T09:00:00+10:00,Approved
DOC-0012,PRJ-2026-0012,Roof Plan,PRJ-2026-0012_roof_plan_12.pdf,Mock Drive,/RoofOps Demo/PRJ-2026-0012/Roof Plan/,2026-07-16T09:00:00+10:00,Approved
DOC-0013,PRJ-2026-0013,Customer Quote,PRJ-2026-0013_customer_quote_13.pdf,Mock Drive,/RoofOps Demo/PRJ-2026-0013/Customer Quote/,2026-07-17T09:00:00+10:00,Approved
DOC-0014,PRJ-2026-0014,Signed Acceptance,PRJ-2026-0014_signed_acceptance_14.pdf,Mock Drive,/RoofOps Demo/PRJ-2026-0014/Signed Acceptance/,2026-07-18T09:00:00+10:00,Needs Review
DOC-0015,PRJ-2026-0015,Supplier Quote,PRJ-2026-0015_supplier_quote_15.pdf,Mock Drive,/RoofOps Demo/PRJ-2026-0015/Supplier Quote/,2026-07-19T09:00:00+10:00,Approved
DOC-0016,PRJ-2026-0016,Purchase Order,PRJ-2026-0016_purchase_order_16.pdf,Mock Drive,/RoofOps Demo/PRJ-2026-0016/Purchase Order/,2026-07-20T09:00:00+10:00,Approved
DOC-0017,PRJ-2026-0017,Progress Photos,PRJ-2026-0017_progress_photos_17.pdf,Mock Drive,/RoofOps Demo/PRJ-2026-0017/Progress Photos/,2026-07-21T09:00:00+10:00,Approved
DOC-0018,PRJ-2026-0018,Completion Photos,PRJ-2026-0018_completion_photos_18.pdf,Mock Drive,/RoofOps Demo/PRJ-2026-0018/Completion Photos/,2026-07-22T09:00:00+10:00,Approved
DOC-0019,PRJ-2026-0019,Warranty Pack,PRJ-2026-0019_warranty_pack_19.pdf,Mock Drive,/RoofOps Demo/PRJ-2026-0019/Warranty Pack/,2026-07-23T09:00:00+10:00,Approved
DOC-0020,PRJ-2026-0020,Invoice PDF,PRJ-2026-0020_invoice_pdf_20.pdf,Mock Drive,/RoofOps Demo/PRJ-2026-0020/Invoice PDF/,2026-07-24T09:00:00+10:00,Approved
DOC-0021,PRJ-2026-0021,Inspection Photos,PRJ-2026-0021_inspection_photos_21.pdf,Mock Drive,/RoofOps Demo/PRJ-2026-0021/Inspection Photos/,2026-07-25T09:00:00+10:00,Approved
DOC-0022,PRJ-2026-0022,Roof Plan,PRJ-2026-0022_roof_plan_22.pdf,Mock Drive,/RoofOps Demo/PRJ-2026-0022/Roof Plan/,2026-07-26T09:00:00+10:00,Approved
DOC-0023,PRJ-2026-0023,Customer Quote,PRJ-2026-0023_customer_quote_23.pdf,Mock Drive,/RoofOps Demo/PRJ-2026-0023/Customer Quote/,2026-07-27T09:00:00+10:00,Approved
DOC-0024,PRJ-2026-0024,Signed Acceptance,PRJ-2026-0024_signed_acceptance_24.pdf,Mock Drive,/RoofOps Demo/PRJ-2026-0024/Signed Acceptance/,2026-07-28T09:00:00+10:00,Approved
DOC-0025,PRJ-2026-0025,Supplier Quote,PRJ-2026-0025_supplier_quote_25.pdf,Mock Drive,/RoofOps Demo/PRJ-2026-0025/Supplier Quote/,2026-07-29T09:00:00+10:00,Approved
DOC-0026,PRJ-2026-0026,Purchase Order,PRJ-2026-0026_purchase_order_26.pdf,Mock Drive,/RoofOps Demo/PRJ-2026-0026/Purchase Order/,2026-07-30T09:00:00+10:00,Approved
DOC-0027,PRJ-2026-0027,Progress Photos,PRJ-2026-0027_progress_photos_27.pdf,Mock Drive,/RoofOps Demo/PRJ-2026-0027/Progress Photos/,2026-07-31T09:00:00+10:00,Needs Review
DOC-0028,PRJ-2026-0028,Completion Photos,PRJ-2026-0028_completion_photos_28.pdf,Mock Drive,/RoofOps Demo/PRJ-2026-0028/Completion Photos/,2026-08-01T09:00:00+10:00,Approved
DOC-0029,PRJ-2026-0029,Warranty Pack,PRJ-2026-0029_warranty_pack_29.pdf,Mock Drive,/RoofOps Demo/PRJ-2026-0029/Warranty Pack/,2026-08-02T09:00:00+10:00,Approved
DOC-0030,PRJ-2026-0030,Invoice PDF,PRJ-2026-0030_invoice_pdf_30.pdf,Mock Drive,/RoofOps Demo/PRJ-2026-0030/Invoice PDF/,2026-08-03T09:00:00+10:00,Approved
DOC-0031,PRJ-2026-0001,Inspection Photos,PRJ-2026-0001_inspection_photos_31.pdf,Mock Drive,/RoofOps Demo/PRJ-2026-0001/Inspection Photos/,2026-08-04T09:00:00+10:00,Approved
DOC-0032,PRJ-2026-0002,Roof Plan,PRJ-2026-0002_roof_plan_32.pdf,Mock Drive,/RoofOps Demo/PRJ-2026-0002/Roof Plan/,2026-08-05T09:00:00+10:00,Approved
DOC-0033,PRJ-2026-0003,Customer Quote,PRJ-2026-0003_customer_quote_33.pdf,Mock Drive,/RoofOps Demo/PRJ-2026-0003/Customer Quote/,2026-08-06T09:00:00+10:00,Approved
DOC-0034,PRJ-2026-0004,Signed Acceptance,PRJ-2026-0004_signed_acceptance_34.pdf,Mock Drive,/RoofOps Demo/PRJ-2026-0004/Signed Acceptance/,2026-08-07T09:00:00+10:00,Approved
DOC-0035,PRJ-2026-0005,Supplier Quote,PRJ-2026-0005_supplier_quote_35.pdf,Mock Drive,/RoofOps Demo/PRJ-2026-0005/Supplier Quote/,2026-08-08T09:00:00+10:00,Approved
DOC-0036,PRJ-2026-0006,Purchase Order,PRJ-2026-0006_purchase_order_36.pdf,Mock Drive,/RoofOps Demo/PRJ-2026-0006/Purchase Order/,2026-08-09T09:00:00+10:00,Approved
DOC-0037,PRJ-2026-0007,Progress Photos,PRJ-2026-0007_progress_photos_37.pdf,Mock Drive,/RoofOps Demo/PRJ-2026-0007/Progress Photos/,2026-08-10T09:00:00+10:00,Approved
DOC-0038,PRJ-2026-0008,Completion Photos,PRJ-2026-0008_completion_photos_38.pdf,Mock Drive,/RoofOps Demo/PRJ-2026-0008/Completion Photos/,2026-08-11T09:00:00+10:00,Approved
DOC-0039,PRJ-2026-0009,Warranty Pack,PRJ-2026-0009_warranty_pack_39.pdf,Mock Drive,/RoofOps Demo/PRJ-2026-0009/Warranty Pack/,2026-08-12T09:00:00+10:00,Approved
DOC-0040,PRJ-2026-0010,Invoice PDF,PRJ-2026-0010_invoice_pdf_40.pdf,Mock Drive,/RoofOps Demo/PRJ-2026-0010/Invoice PDF/,2026-08-13T09:00:00+10:00,Needs Review
DOC-0041,PRJ-2026-0011,Inspection Photos,PRJ-2026-0011_inspection_photos_41.pdf,Mock Drive,/RoofOps Demo/PRJ-2026-0011/Inspection Photos/,2026-08-14T09:00:00+10:00,Approved
DOC-0042,PRJ-2026-0012,Roof Plan,PRJ-2026-0012_roof_plan_42.pdf,Mock Drive,/RoofOps Demo/PRJ-2026-0012/Roof Plan/,2026-08-15T09:00:00+10:00,Approved
DOC-0043,PRJ-2026-0013,Customer Quote,PRJ-2026-0013_customer_quote_43.pdf,Mock Drive,/RoofOps Demo/PRJ-2026-0013/Customer Quote/,2026-08-16T09:00:00+10:00,Approved
DOC-0044,PRJ-2026-0014,Signed Acceptance,PRJ-2026-0014_signed_acceptance_44.pdf,Mock Drive,/RoofOps Demo/PRJ-2026-0014/Signed Acceptance/,2026-08-17T09:00:00+10:00,Approved
DOC-0045,PRJ-2026-0015,Supplier Quote,PRJ-2026-0015_supplier_quote_45.pdf,Mock Drive,/RoofOps Demo/PRJ-2026-0015/Supplier Quote/,2026-08-18T09:00:00+10:00,Approved
DOC-0046,PRJ-2026-0016,Purchase Order,PRJ-2026-0016_purchase_order_46.pdf,Mock Drive,/RoofOps Demo/PRJ-2026-0016/Purchase Order/,2026-08-19T09:00:00+10:00,Approved
DOC-0047,PRJ-2026-0017,Progress Photos,PRJ-2026-0017_progress_photos_47.pdf,Mock Drive,/RoofOps Demo/PRJ-2026-0017/Progress Photos/,2026-08-20T09:00:00+10:00,Approved
DOC-0048,PRJ-2026-0018,Completion Photos,PRJ-2026-0018_completion_photos_48.pdf,Mock Drive,/RoofOps Demo/PRJ-2026-0018/Completion Photos/,2026-08-21T09:00:00+10:00,Approved
DOC-0049,PRJ-2026-0019,Warranty Pack,PRJ-2026-0019_warranty_pack_49.pdf,Mock Drive,/RoofOps Demo/PRJ-2026-0019/Warranty Pack/,2026-08-22T09:00:00+10:00,Approved
DOC-0050,PRJ-2026-0020,Invoice PDF,PRJ-2026-0020_invoice_pdf_50.pdf,Mock Drive,/RoofOps Demo/PRJ-2026-0020/Invoice PDF/,2026-08-23T09:00:00+10:00,Approved
DOC-0051,PRJ-2026-0021,Inspection Photos,PRJ-2026-0021_inspection_photos_51.pdf,Mock Drive,/RoofOps Demo/PRJ-2026-0021/Inspection Photos/,2026-08-24T09:00:00+10:00,Approved
DOC-0052,PRJ-2026-0022,Roof Plan,PRJ-2026-0022_roof_plan_52.pdf,Mock Drive,/RoofOps Demo/PRJ-2026-0022/Roof Plan/,2026-08-25T09:00:00+10:00,Approved
DOC-0053,PRJ-2026-0023,Customer Quote,PRJ-2026-0023_customer_quote_53.pdf,Mock Drive,/RoofOps Demo/PRJ-2026-0023/Customer Quote/,2026-08-26T09:00:00+10:00,Needs Review
DOC-0054,PRJ-2026-0024,Signed Acceptance,PRJ-2026-0024_signed_acceptance_54.pdf,Mock Drive,/RoofOps Demo/PRJ-2026-0024/Signed Acceptance/,2026-08-27T09:00:00+10:00,Approved
DOC-0055,PRJ-2026-0025,Supplier Quote,PRJ-2026-0025_supplier_quote_55.pdf,Mock Drive,/RoofOps Demo/PRJ-2026-0025/Supplier Quote/,2026-08-28T09:00:00+10:00,Approved
DOC-0056,PRJ-2026-0026,Purchase Order,PRJ-2026-0026_purchase_order_56.pdf,Mock Drive,/RoofOps Demo/PRJ-2026-0026/Purchase Order/,2026-08-29T09:00:00+10:00,Approved
DOC-0057,PRJ-2026-0027,Progress Photos,PRJ-2026-0027_progress_photos_57.pdf,Mock Drive,/RoofOps Demo/PRJ-2026-0027/Progress Photos/,2026-08-30T09:00:00+10:00,Approved
DOC-0058,PRJ-2026-0028,Completion Photos,PRJ-2026-0028_completion_photos_58.pdf,Mock Drive,/RoofOps Demo/PRJ-2026-0028/Completion Photos/,2026-08-31T09:00:00+10:00,Approved
DOC-0059,PRJ-2026-0029,Warranty Pack,PRJ-2026-0029_warranty_pack_59.pdf,Mock Drive,/RoofOps Demo/PRJ-2026-0029/Warranty Pack/,2026-09-01T09:00:00+10:00,Approved
DOC-0060,PRJ-2026-0030,Invoice PDF,PRJ-2026-0030_invoice_pdf_60.pdf,Mock Drive,/RoofOps Demo/PRJ-2026-0030/Invoice PDF/,2026-09-02T09:00:00+10:00,Approved
