po_id,project_id,supplier_id,po_status,po_date,po_value_aud,expected_delivery_date,supplier_acknowledged,external_reference,edge_case_tags
PO-2026-0001,PRJ-2026-0001,SUP-001,Sent,2026-08-29,12519.89,2026-09-02,No,DEMO-SUP-3000,
PO-2026-0002,PRJ-2026-0002,SUP-002,Approved,2026-08-04,16705.58,2026-08-12,No,DEMO-SUP-3001,
PO-2026-0003,PRJ-2026-0003,SUP-003,Partially Delivered,2026-08-19,14993.47,2026-08-21,Yes,DEMO-SUP-3002,
PO-2026-0004,PRJ-2026-0004,SUP-004,Sent,2026-07-05,14402.37,2026-07-12,No,DEMO-SUP-3003,
PO-2026-0005,PRJ-2026-0005,SUP-005,Sent,2026-08-05,5251.32,2026-08-07,No,DEMO-SUP-3004,
PO-2026-0006,PRJ-2026-0006,SUP-006,Sent,2026-08-04,15402.56,2026-08-11,No,DEMO-SUP-3005,
PO-2026-0007,PRJ-2026-0007,SUP-001,Acknowledged,2026-09-19,16942.16,2026-09-25,Yes,DEMO-SUP-3006,
PO-2026-0008,PRJ-2026-0008,SUP-002,Sent,2026-09-24,8423.84,2026-09-30,No,DEMO-SUP-3007,
PO-2026-0009,PRJ-2026-0009,SUP-003,Sent,2026-09-10,4750.46,2026-09-14,No,DEMO-SUP-3008,
PO-2026-0010,PRJ-2026-0010,SUP-004,Acknowledged,2026-08-11,11121.57,2026-10-07,Yes,DEMO-SUP-3009,SUPPLIER_DELIVERY_DELAY
PO-2026-0011,PRJ-2026-0011,SUP-005,Sent,2026-08-17,12233.28,2026-08-20,No,DEMO-SUP-3010,SUPPLIER_ACK_PENDING
PO-2026-0012,PRJ-2026-0012,SUP-006,Draft,2026-07-18,7454.42,2026-07-27,No,DEMO-SUP-3011,
PO-2026-0013,PRJ-2026-0013,SUP-001,Draft,2026-08-05,6040.71,2026-08-09,No,DEMO-SUP-3012,
PO-2026-0014,PRJ-2026-0014,SUP-002,Draft,2026-07-25,6674.96,2026-07-30,No,DEMO-SUP-3013,
PO-2026-0015,PRJ-2026-0015,SUP-003,Partially Delivered,2026-07-24,15724.3,2026-07-28,Yes,DEMO-SUP-3014,
PO-2026-0016,PRJ-2026-0016,SUP-004,Partially Delivered,2026-09-12,10534.79,2026-09-16,Yes,DEMO-SUP-3015,
PO-2026-0017,PRJ-2026-0017,SUP-005,Draft,2026-09-18,9305.88,2026-09-21,No,DEMO-SUP-3016,
PO-2026-0018,PRJ-2026-0018,SUP-006,Sent,2026-08-22,8737.12,2026-08-30,No,DEMO-SUP-3017,SUPPLIER_ACK_PENDING
PO-2026-0019,PRJ-2026-0019,SUP-001,Draft,2026-09-15,12966.32,2026-09-18,No,DEMO-SUP-3018,
PO-2026-0020,PRJ-2026-0020,SUP-002,Partially Delivered,2026-08-04,11693.13,2026-08-10,Yes,DEMO-SUP-3019,
PO-2026-0021,PRJ-2026-0021,SUP-003,Delivered,2026-08-28,11959.85,2026-09-01,Yes,DEMO-SUP-3020,
PO-2026-0022,PRJ-2026-0022,SUP-004,Draft,2026-09-25,1633.83,2026-09-30,No,DEMO-SUP-3021,
PO-2026-0023,PRJ-2026-0023,SUP-005,Sent,2026-08-08,11934.97,2026-08-10,No,DEMO-SUP-3022,
PO-2026-0024,PRJ-2026-0024,SUP-006,Delivered,2026-09-15,5016.01,2026-09-22,Yes,DEMO-SUP-3023,
PO-2026-0025,PRJ-2026-0025,SUP-001,Approved,2026-07-09,9025.87,2026-07-14,No,DEMO-SUP-3024,
PO-2026-0026,PRJ-2026-0026,SUP-002,Sent,2026-07-11,3979.38,2026-07-18,No,DEMO-SUP-3025,
PO-2026-0027,PRJ-2026-0027,SUP-003,Partially Delivered,2026-09-26,8206.8,2026-09-28,Yes,DEMO-SUP-3026,
PO-2026-0028,PRJ-2026-0028,SUP-004,Sent,2026-09-12,15099.89,2026-09-19,No,DEMO-SUP-3027,
PO-2026-0029,PRJ-2026-0029,SUP-005,Partially Delivered,2026-09-26,6397.5,2026-09-29,Yes,DEMO-SUP-3028,
PO-2026-0030,PRJ-2026-0030,SUP-006,Approved,2026-07-31,16099.04,2026-08-09,No,DEMO-SUP-3029,
PO-2026-0031,PRJ-2026-0001,SUP-001,Delivered,2026-08-21,7699.21,2026-08-24,Yes,DEMO-SUP-3030,
PO-2026-0032,PRJ-2026-0002,SUP-002,Sent,2026-07-04,7690.4,2026-07-09,No,DEMO-SUP-3031,
PO-2026-0033,PRJ-2026-0003,SUP-003,Draft,2026-07-30,8269.05,2026-08-04,No,DEMO-SUP-3032,
PO-2026-0034,PRJ-2026-0004,SUP-004,Partially Delivered,2026-08-18,904.95,2026-08-23,Yes,DEMO-SUP-3033,
PO-2026-0035,PRJ-2026-0005,SUP-005,Approved,2026-08-29,9495.07,2026-09-01,No,DEMO-SUP-3034,
