quote_id,quote_version,customer_id,property_id,estimator,lead_source,job_type,roof_type,roof_area_sqm,inspection_date,quote_created_date,quote_sent_date,quote_status,quote_accepted_date,quote_amount_aud,lost_reason,edge_case_tags
Q-2026-0001,2,CUST-0001,PROP-0001,Ethan Wright,Google Ads,Leak Repair,Tile,203.0,2026-05-13,2026-05-22,2026-05-22,Accepted,2026-06-02,38607.58,,
Q-2026-0002,2,CUST-0002,PROP-0002,Chloe Mason,Organic Search,Roof Restoration,Metal,296.6,2026-05-11,2026-05-16,2026-05-18,Accepted,2026-05-19,50519.92,,
Q-2026-0003,2,CUST-0003,PROP-0003,Ryan Bell,Referral,Roof Restoration,Tile,327.1,2026-04-26,2026-05-01,2026-05-03,Accepted,2026-05-07,57380.39,,
Q-2026-0004,1,CUST-0004,PROP-0004,Ethan Wright,Facebook,Roof Restoration,Zincalume,106.0,2026-04-29,2026-05-06,2026-05-08,Accepted,2026-05-12,20949.27,,
Q-2026-0005,2,CUST-0005,PROP-0005,Chloe Mason,Repeat Customer,Leak Repair,Colorbond,256.6,2026-06-27,2026-07-03,2026-07-05,Accepted,2026-07-12,44579.78,,
Q-2026-0006,1,CUST-0006,PROP-0006,Ryan Bell,Builder Referral,Extension Roof,Zincalume,154.5,2026-03-31,2026-04-10,2026-04-10,Accepted,2026-04-13,25740.6,,
Q-2026-0007,1,CUST-0007,PROP-0007,Ethan Wright,Local Signage,Storm Damage Repair,Terracotta Tile,323.3,2026-07-25,2026-07-27,2026-07-27,Accepted,2026-07-29,63968.13,,
Q-2026-0008,1,CUST-0008,PROP-0008,Chloe Mason,Website Form,Roof Replacement,Terracotta Tile,223.7,2026-03-25,2026-04-04,2026-04-05,Accepted,2026-04-16,49739.7,,
Q-2026-0009,2,CUST-0009,PROP-0009,Ryan Bell,Google Ads,Extension Roof,Colorbond,141.1,2026-05-07,2026-05-15,2026-05-15,Accepted,2026-05-27,24081.84,,
Q-2026-0010,1,CUST-0010,PROP-0010,Ethan Wright,Organic Search,Full Re-roof,Tile,249.2,2026-08-20,2026-08-23,2026-08-25,Accepted,2026-08-31,47749.21,,
Q-2026-0011,2,CUST-0011,PROP-0011,Chloe Mason,Referral,Extension Roof,Tile,249.7,2026-07-09,2026-07-19,2026-07-21,Accepted,2026-07-22,48768.0,,
Q-2026-0012,1,CUST-0012,PROP-0012,Ryan Bell,Facebook,Extension Roof,Terracotta Tile,123.2,2026-07-05,2026-07-11,2026-07-11,Accepted,2026-07-16,27448.76,,
Q-2026-0013,1,CUST-0013,PROP-0013,Ethan Wright,Repeat Customer,Roof Restoration,Metal,262.2,2026-05-08,2026-05-13,2026-05-15,Accepted,2026-05-24,44785.6,,
Q-2026-0014,1,CUST-0014,PROP-0014,Chloe Mason,Builder Referral,Full Re-roof,Metal,233.4,2026-03-27,2026-04-04,2026-04-06,Accepted,2026-04-06,40612.34,,
Q-2026-0015,1,CUST-0015,PROP-0015,Ryan Bell,Local Signage,Storm Damage Repair,Terracotta Tile,104.2,2026-05-30,2026-06-06,2026-06-06,Accepted,2026-06-12,23604.52,,
Q-2026-0016,1,CUST-0016,PROP-0016,Ethan Wright,Website Form,Extension Roof,Metal,334.3,2026-07-21,2026-07-24,2026-07-26,Accepted,2026-08-03,56872.26,,
Q-2026-0017,2,CUST-0017,PROP-0017,Chloe Mason,Google Ads,Storm Damage Repair,Metal,124.3,2026-05-03,2026-05-06,2026-05-07,Accepted,2026-05-17,20526.7,,
Q-2026-0018,1,CUST-0018,PROP-0018,Ryan Bell,Organic Search,Full Re-roof,Zincalume,151.1,2026-05-06,2026-05-13,2026-05-15,Accepted,2026-05-23,24962.85,,
Q-2026-0019,1,CUST-0019,PROP-0019,Ethan Wright,Referral,Leak Repair,Tile,152.7,2026-05-15,2026-05-17,2026-05-17,Accepted,2026-05-29,31277.91,,
Q-2026-0020,1,CUST-0020,PROP-0020,Chloe Mason,Facebook,Extension Roof,Tile,102.8,2026-04-29,2026-05-06,2026-05-07,Accepted,2026-05-10,23201.13,,
Q-2026-0021,1,CUST-0021,PROP-0021,Ryan Bell,Repeat Customer,Leak Repair,Tile,357.6,2026-06-01,2026-06-05,2026-06-06,Accepted,2026-06-06,65280.9,,
Q-2026-0022,2,CUST-0022,PROP-0022,Ethan Wright,Builder Referral,Roof Restoration,Colorbond,278.6,2026-04-09,2026-04-19,2026-04-20,Accepted,2026-04-28,43712.84,,
Q-2026-0023,1,CUST-0023,PROP-0023,Chloe Mason,Local Signage,Full Re-roof,Tile,134.3,2026-05-23,2026-05-26,2026-05-26,Accepted,2026-05-28,26791.1,,
Q-2026-0024,1,CUST-0024,PROP-0024,Ryan Bell,Website Form,Storm Damage Repair,Colorbond,182.4,2026-09-04,2026-09-11,2026-09-11,Accepted,2026-09-15,29516.53,,
Q-2026-0025,2,CUST-0025,PROP-0025,Ethan Wright,Google Ads,Leak Repair,Metal,192.1,2026-06-21,2026-06-27,2026-06-27,Accepted,2026-07-05,35186.69,,
Q-2026-0026,1,CUST-0026,PROP-0026,Chloe Mason,Organic Search,Roof Restoration,Colorbond,129.7,2026-05-03,2026-05-10,2026-05-10,Accepted,2026-05-12,24885.69,,
Q-2026-0027,2,CUST-0027,PROP-0027,Ryan Bell,Referral,Full Re-roof,Metal,348.6,2026-06-11,2026-06-14,2026-06-16,Accepted,2026-06-25,55571.69,,
Q-2026-0028,1,CUST-0028,PROP-0028,Ethan Wright,Facebook,Roof Restoration,Metal,273.8,2026-07-13,2026-07-14,2026-07-14,Accepted,2026-07-22,46674.16,,
Q-2026-0029,2,CUST-0029,PROP-0029,Chloe Mason,Repeat Customer,Extension Roof,Metal,328.6,2026-06-27,2026-07-03,2026-07-03,Accepted,2026-07-11,59076.38,,
Q-2026-0030,1,CUST-0030,PROP-0030,Ryan Bell,Builder Referral,Storm Damage Repair,Zincalume,171.4,2026-04-21,2026-04-25,2026-04-27,Accepted,2026-05-01,28517.53,,
Q-2026-0031,2,CUST-0031,PROP-0031,Ethan Wright,Local Signage,Full Re-roof,Zincalume,346.1,2026-07-22,2026-07-26,2026-07-27,Accepted,2026-08-07,56997.62,,ACCEPTED_QUOTE_PROJECT_CREATION_FAILED
Q-2026-0032,1,CUST-0032,PROP-0032,Chloe Mason,Website Form,Roof Restoration,Terracotta Tile,117.8,2026-04-04,2026-04-14,2026-04-14,Sent,,26213.8,,
Q-2026-0033,1,CUST-0033,PROP-0033,Ryan Bell,Google Ads,Leak Repair,Colorbond,342.0,2026-06-09,2026-06-13,2026-06-13,Draft,,57679.83,,
Q-2026-0034,2,CUST-0034,PROP-0034,Ethan Wright,Organic Search,Roof Restoration,Terracotta Tile,215.6,2026-08-17,2026-08-19,2026-08-19,Sent,,48756.52,,
Q-2026-0035,1,CUST-0035,PROP-0035,Chloe Mason,Referral,Roof Replacement,Zincalume,334.3,2026-08-16,2026-08-19,2026-08-20,Lost,,55161.96,Competitor,
Q-2026-0036,1,CUST-0036,PROP-0036,Ryan Bell,Facebook,Leak Repair,Zincalume,165.2,2026-07-08,2026-07-10,2026-07-12,Sent,,29289.12,,
Q-2026-0037,1,CUST-0037,PROP-0037,Ethan Wright,Repeat Customer,Full Re-roof,Tile,323.4,2026-08-07,2026-08-15,2026-08-16,Lost,,62617.8,Competitor,
Q-2026-0038,1,CUST-0038,PROP-0038,Chloe Mason,Builder Referral,Storm Damage Repair,Metal,132.8,2026-05-29,2026-06-04,2026-06-04,Draft,,25795.08,,
Q-2026-0039,2,CUST-0039,PROP-0039,Ryan Bell,Local Signage,Storm Damage Repair,Colorbond,219.9,2026-06-23,2026-06-29,2026-06-30,Draft,,35176.51,,
Q-2026-0040,1,CUST-0040,PROP-0040,Ethan Wright,Website Form,Roof Restoration,Metal,250.5,2026-03-22,2026-04-01,2026-04-03,Expired,,44392.67,,
Q-2026-0041,1,CUST-0001,PROP-0041,Chloe Mason,Google Ads,Extension Roof,Tile,310.3,2026-08-28,2026-09-05,2026-09-06,Sent,,55437.0,,
Q-2026-0042,1,CUST-0002,PROP-0042,Ryan Bell,Organic Search,Storm Damage Repair,Colorbond,135.4,2026-06-22,2026-06-27,2026-06-29,Lost,,25273.13,Customer deferred,
Q-2026-0043,1,CUST-0003,PROP-0043,Ethan Wright,Referral,Full Re-roof,Metal,166.0,2026-05-30,2026-06-08,2026-06-10,Expired,,27480.63,,
Q-2026-0044,1,CUST-0004,PROP-0044,Chloe Mason,Facebook,Roof Replacement,Colorbond,102.4,2026-07-19,2026-07-26,2026-07-28,Sent,,17399.9,,
Q-2026-0045,1,CUST-0005,PROP-0045,Ryan Bell,Repeat Customer,Roof Restoration,Tile,274.2,2026-07-05,2026-07-08,2026-07-10,Lost,,49430.83,Timing,
Q-2026-0046,1,CUST-0006,PROP-0046,Ethan Wright,Builder Referral,Extension Roof,Terracotta Tile,246.3,2026-08-02,2026-08-03,2026-08-04,Draft,,54438.47,,
Q-2026-0047,2,CUST-0007,PROP-0047,Chloe Mason,Local Signage,Roof Replacement,Tile,297.5,2026-06-27,2026-07-02,2026-07-02,Lost,,58231.92,Customer deferred,
Q-2026-0048,1,CUST-0008,PROP-0048,Ryan Bell,Website Form,Leak Repair,Colorbond,120.9,2026-08-30,2026-09-08,2026-09-09,Sent,,21118.17,,
Q-2026-0049,1,CUST-0009,PROP-0049,Ethan Wright,Google Ads,Full Re-roof,Tile,296.5,2026-04-30,2026-05-09,2026-05-11,Lost,,56100.79,Competitor,
Q-2026-0050,1,CUST-0010,PROP-0050,Chloe Mason,Organic Search,Storm Damage Repair,Zincalume,295.2,2026-06-10,2026-06-20,2026-06-21,Sent,,49180.7,,
Q-2026-0051,2,CUST-0011,PROP-0051,Ryan Bell,Referral,Storm Damage Repair,Metal,,2026-05-14,2026-05-23,2026-05-23,Sent,,20937.87,,MISSING_INSPECTION_MEASUREMENT
Q-2026-0052,1,CUST-0012,PROP-0052,Ethan Wright,Facebook,Roof Replacement,Tile,232.3,2026-07-13,2026-07-22,2026-07-22,Sent,,49794.56,,
Q-2026-0053,1,CUST-0001,PROP-0001,Chloe Mason,Repeat Customer,Leak Repair,Metal,278.5,2026-07-29,2026-08-06,2026-08-06,Lost,,47639.28,Competitor,
Q-2026-0054,1,CUST-0002,PROP-0002,Ryan Bell,Builder Referral,Storm Damage Repair,Zincalume,183.5,2026-09-02,2026-09-10,2026-09-10,Sent,,32304.54,,
Q-2026-0055,1,CUST-0003,PROP-0003,Ethan Wright,Local Signage,Roof Restoration,Zincalume,353.0,2026-08-15,2026-08-23,2026-08-23,Lost,,53278.95,Competitor,
Q-2026-0056,1,CUST-0004,PROP-0004,Chloe Mason,Website Form,Storm Damage Repair,Colorbond,109.0,2026-09-06,2026-09-07,2026-09-07,Lost,,19876.82,Competitor,
Q-2026-0057,2,CUST-0005,PROP-0005,Ryan Bell,Google Ads,Roof Replacement,Zincalume,288.3,2026-08-02,2026-08-07,2026-08-08,Lost,,46611.09,Competitor,
Q-2026-0058,1,CUST-0006,PROP-0006,Ethan Wright,Organic Search,Roof Replacement,Colorbond,182.9,2026-05-08,2026-05-10,2026-05-10,Sent,,29123.68,,
Q-2026-0059,2,CUST-0007,PROP-0007,Chloe Mason,Referral,Storm Damage Repair,Colorbond,235.9,2026-08-02,2026-08-08,2026-08-10,Lost,,40962.26,Competitor,
Q-2026-0060,1,CUST-0008,PROP-0008,Ryan Bell,Facebook,Full Re-roof,Terracotta Tile,328.7,2026-07-31,2026-08-02,2026-08-04,Lost,,68749.54,Competitor,
Q-2026-0061,2,CUST-0009,PROP-0009,Ethan Wright,Repeat Customer,Roof Restoration,Colorbond,326.8,2026-09-08,2026-09-13,2026-09-13,Lost,,56182.12,Competitor,
Q-2026-0062,2,CUST-0010,PROP-0010,Chloe Mason,Builder Referral,Extension Roof,Terracotta Tile,263.5,2026-05-23,2026-05-31,2026-06-02,Expired,,56068.09,,
Q-2026-0063,2,CUST-0011,PROP-0011,Ryan Bell,Local Signage,Roof Restoration,Zincalume,238.1,2026-05-18,2026-05-22,2026-05-23,Lost,,38256.7,Competitor,
Q-2026-0064,1,CUST-0012,PROP-0012,Ethan Wright,Website Form,Storm Damage Repair,Zincalume,119.6,2026-04-29,2026-05-06,2026-05-06,Sent,,18167.61,,
Q-2026-0065,1,CUST-0013,PROP-0013,Chloe Mason,Google Ads,Roof Replacement,Zincalume,233.8,2026-08-22,2026-09-01,2026-09-03,Draft,,39205.73,,
